img_id,checked,new_h,new_w
71b2b71a53ba4355642577b96159a95e595cb249,1.0,30.0,35.0
f23ffbb0aba256aefba0d115c01f10f25b15271d,1.0,25.0,20.0
e172944e8f91b05c81dbbe5c740dfbbb1592d6f2,1.0,30.0,30.0
19289921a4eed4638d6be28c8decf4533228eca2,1.0,20.0,25.0
dcf1316c54ed81090f35e4e8ea7b65ab4e881e03,1.0,35.0,50.0
a2b06167095485b172b0a7f38346fce2963db625,1.0,65.0,60.0
334dcc455f981015d73f6f18d485343f989b1f3a,1.0,30.0,30.0
a06d8f18249b462db1f414268c8771a0ced3b1b0,1.0,30.0,25.0
2b43f07c9ec6e2220e353daf76a1bec2a49e0e81,1.0,30.0,30.0
f7a7039d3836193f05ce372c814d9270626e9d61,1.0,40.0,30.0
9574062cbab4e6948d753de28a0dc69d956f5c57,1.0,40.0,50.0
faa3e6bad3f5aa922cf081162f7da2cd8fc344d3,1.0,40.0,50.0
fd20c57dca9776177840f1b2b9fe446bdcfc9595,1.0,50.0,50.0
88ee2851a2c0e4420810d5979be595184162d76f,1.0,30.0,30.0
c22ab60f59401ffe45ad0a61557994df728a1bcd,1.0,50.0,50.0
ba2094a0e26103e953160e71ada6c26dabb28ef8,1.0,40.0,40.0
0bdff1fe05dd7bc20521abf7c7cada51652a103c,1.0,30.0,20.0
e090d15e78a8b9527ef21ca1edaf3b01183e2f71,1.0,40.0,25.0
f2004745e7b85d6a5f479c606cff63ddf8e01680,1.0,40.0,40.0
dc84d62d09e3b0a223142dcdc979e04686a3609a,1.0,40.0,45.0
82cf9e830b4bff4203aa0d66bedbae3e3f0924a4,1.0,30.0,35.0
944371f830c29727e3b0bb2306e8de68c50aab6e,1.0,30.0,35.0
eb177cede76cc870a86055c07cf6b9daa20f48f4,1.0,30.0,35.0
97408398463106d5ce62dc5228254cc936ecd44f,1.0,50.0,50.0
9d8d10be139719180a5b2a94bf4b9155e54c2e73,1.0,50.0,50.0
c90315017b3f3766c3e729f0a58868bf68b92b35,1.0,50.0,50.0
4bc59d45335fe78117e2482a4fa9c24baf02c7d3,1.0,30.0,30.0
4691f00bbdf4ada7b17be4354fe909fcf5ec003d,1.0,30.0,30.0
b42fe92ba5eff774f721bc87e8c26bd121736db6,1.0,40.0,40.0
fec6d05353e5cf8b1013d0f43ab30277d188e909,1.0,40.0,40.0
9121e6e2199a46c2fc157650da150b5d54ff925a,1.0,40.0,40.0
a546a71dca6c5ba4c9204057269dd7090b055d27,1.0,40.0,40.0
6ed1bbe352f0e45600680a91ce758f9fbc3c521b,1.0,40.0,40.0
9ca64232a5787febc25ebda15e8f38882335250b,1.0,40.0,40.0
cd1b649fc596b2537d5891c7950b517f2d6b67c5,1.0,30.0,30.0
092152cdb81b00b3e543e3c8f294e48a3ddb1f51,1.0,30.0,30.0
5548e4d39797c75c9696e38fe0d9775b547ee400,1.0,40.0,40.0
4dba8735bb398ebcc13b0baa58bcae024b2a343f,1.0,40.0,50.0
6825a4a67e75d4b4ec8b20968aa47a1a363048bf,1.0,50.0,50.0
dce1cad2b7f920ae4fe7e0536ac5ab7044f5f156,1.0,30.0,30.0
809a09625fc26783f384acd87b1997f53a814054,1.0,30.0,30.0
c8c80cca42fddc4c02030cada4abe6dc8f0e4b8c,1.0,30.0,30.0
2ff2390bb730d70d38053211cf5f5c7f8f51a1bd,1.0,30.0,30.0
fe9b65bdcff03cf7d52d4a96eae32427c7bd1678,1.0,30.0,30.0
1e0ccdd2c59bdcb77a1403d237497da6f33ccdaf,1.0,30.0,30.0
3d9e0459069a594244d59fa50b587f5bf11ff981,1.0,30.0,30.0
c774cdf219b0393a7a978a5fc128cde3af6612e2,1.0,30.0,30.0
755fbc5d285f1ffd4eaea57728611460b40efee0,1.0,30.0,30.0
2079110c1b1e18f012b39eaac7956ae53ba0377c,1.0,30.0,30.0
beb487550eb9cfccee970cd6ca39ec5edd7c2080,1.0,30.0,30.0
88a6e922d1b6b9df3d861b872cc39dc8a14e9201,1.0,40.0,40.0
6a210373c943f674c84759c694dac4daba320a36,1.0,50.0,50.0
2bd9c04dd54f1f2aa88ebd65ae7b0253553fb2e2,1.0,50.0,50.0
a57924c9a123f917c811d56cf5bf54814df82d2b,1.0,40.0,40.0
f41867424857b0247edba010b1f877584f24fece,1.0,40.0,40.0
e8b5fb91b571134c17e7d6a89e82910f256ec221,1.0,40.0,40.0
e851bcfee9c91eb884ddb17b4e193e6e60d4ae63,1.0,40.0,40.0
5a4e3c239742a4a25d2dca6f9dfb418697f335db,1.0,40.0,40.0
541a1b6978a98551281e7c90e72fb17872171dbc,1.0,40.0,40.0
7168c5051c6bb43ee4cc811c18865c70189ad028,1.0,40.0,40.0
c3a003992c36b021b78b5c1ecc462261d0b56ad3,1.0,40.0,40.0
6daca4164d85b975ed074635e16bb16c8e01387d,1.0,40.0,40.0
c9b6249397e291921a4705c97fec8d86322750b7,1.0,40.0,40.0
eca5886b5bee150cbe1afef1934d3688a685d7bf,1.0,40.0,40.0
b8907a879b9164a2057d33c6c42b854fff84e388,1.0,40.0,40.0
8f4f41aea76ff08ff9a42ced9794807bb67d98b8,1.0,40.0,40.0
2ddc7715c7aba737c2bb3a7f1da76953a5f6487b,1.0,40.0,40.0
e15cd63ebd1144413475d630562d6dda15fe4596,1.0,40.0,40.0
0d701d83d11c9fc5375972a26825bfff2d21a824,1.0,30.0,30.0
b1ad5297d16d782e8a64c82657564bd3edadf77a,1.0,20.0,20.0
9c6e59434d6c6ac7c74b7c2a45c78798b118a9c8,1.0,30.0,30.0
3cb81994e3b2247af328d44139c19a47babc6cd7,1.0,40.0,40.0
1a4965157dabb0b21c9497eb44cf54ad4796e4ab,1.0,40.0,40.0
f2101bfb570cc70aa907268fbf41d1ce92fc4427,1.0,30.0,30.0
0069b92ae68b7c9a91496d90b4306b51cc3974b0,1.0,30.0,30.0
dec084e981e7011240b5240b70c824e3dd5da634,1.0,30.0,30.0
c20635e7a92e4487a282b5fbe88592d42dea933c,1.0,25.0,25.0
6aaa4b6d0d64f1276ea6cb8e2282a4dd2375664a,1.0,25.0,25.0
5231ba0d6ae4d120648e4ad92c42f7438d1a3119,1.0,35.0,35.0
c8c344ce7a32d87fad190d7987531025e89a4d1f,1.0,35.0,35.0
8e6a2debe199a7e16e7ce7aff0d6110bd71a9a40,1.0,30.0,30.0
1d2c3af7ff438c91491d574f61b3ad2d9bb122d0,1.0,40.0,30.0
cc68ef1444aa7c6ba9d41dfb961c183c27af0c34,1.0,30.0,40.0
5549afe5e15f35962348039a8b671879c8efbea3,1.0,30.0,40.0
11d4e563d06dfd47459ac2a088bcc179e23c34a4,1.0,30.0,40.0
64f67d7bcbdb549ef8df7501cdc3e351c1272bc3,1.0,40.0,40.0
64065b6fa94f12b5a86a1987231c830d792a8363,1.0,30.0,30.0
099e374628ecfb6a2aa19b6cfea9cf34c89353cb,1.0,40.0,40.0
613665e7dee9a760c83975e2e7f0c84f97eea6dc,1.0,50.0,50.0
f88e8dfeb6f68e0e477c5b192fd82154627bfc01,1.0,50.0,50.0
673e5949f982358674812f4d702692c6db43d7a2,1.0,30.0,30.0
7ba3f160f4f4f552c496056f6a65ddc7e761d578,1.0,30.0,30.0
2e7062cf15f728e4657b3a92eeeb8838cbf78118,1.0,30.0,30.0
8f30778719e5af075797f994273603c94f170e29,1.0,30.0,30.0
6496a41bfaf99b684bd596f42e77a72f5421dd1a,1.0,40.0,40.0
f956e0528b102f5756d39a54c15d20d9103e0cb4,1.0,40.0,40.0
fe10d0c9948c70990451d54c307ac7ebd838b983,1.0,40.0,40.0
95c15b863150d1fc4511b38d5627e661bb56ffa9,1.0,30.0,30.0
bc2e38020d2c20295586cbeddca8ce09ddef97e7,1.0,30.0,30.0
bea11d7ac0ed87efa961e60a8574b02443e89201,1.0,30.0,30.0
4465ec6a0b40aa0d5218c9f3b293200498b55fe7,1.0,30.0,30.0
1a849a7b7d3ed837ac2a4b187b74f21dcc7de0d8,1.0,50.0,50.0
634b5d6ccdec3098ae8983ac1a739906b0854610,1.0,40.0,40.0
30502d917f1d80b50f4a12cb372edf611d1ff56e,1.0,30.0,30.0
e874da3f3f332389c5073dce7dea654b02709150,1.0,30.0,30.0
fb7c3e255c7ddc759cf07aa64ebeaa65fd993972,1.0,30.0,30.0
a3bec61711e7cadd374292881180187d8ea31f0c,1.0,40.0,40.0
8326e7e082914faca13e6fe9c5d5211f3b035c65,1.0,30.0,30.0
9dbccbfbe4e2e320a4bf471b1132444a29fa9771,1.0,30.0,30.0
54d7b9f63fefb05ba58497cc1a7120a389ddc5e1,1.0,30.0,30.0
e7cd04c495546ab6c0ab490e91f4a11cc5624ebf,1.0,40.0,40.0
9d69e7ed2a7841f4cc5e4d21fae6f05189c94293,1.0,50.0,40.0
94607dbabba1b0a678f806ccca699b6adfbe4946,1.0,40.0,40.0
4d11ca0596cace7b3a77503ca1ec116665c25e58,1.0,40.0,40.0
f1b66510fce491de6a68de75ed3f6284264f2991,1.0,40.0,40.0
4f1d63391c695f32e1e89be43f9cb56847a603b1,1.0,40.0,40.0
06a5f9b6ba3bb9217f119beb9e8053ac2eb9e20b,1.0,25.0,25.0
5c07fd5952d8905304d9706d8142a0d16bf59697,1.0,30.0,30.0
e5a91d644626b2e43c9e7b6b567f62459d07cab0,1.0,30.0,30.0
e97993874fac956a3e781c14983b981319162d83,1.0,40.0,40.0
5547aaadfb5b96e1f154646509b26da9b1cd5f42,1.0,25.0,25.0
dd984e5036fdd93ecbe5eaa43cc2dde4024edb60,1.0,40.0,40.0
f0f948d3ec6b4c7bffb90127d42d0df5794730d2,1.0,30.0,30.0
6239a1bc289827bf2b8f54197ac556209ae82665,1.0,30.0,30.0
d527401942989795cfca92803d12b71ee110d26c,1.0,45.0,30.0
e3cf88501a97cb4918c0239ca92ee1fbc257497f,1.0,40.0,40.0
3a13edafa4a984aaa057620c5a4dbb026c6c958c,1.0,40.0,40.0
8f6a60a81e21f5561d5d413507ea2ae3c9507999,1.0,40.0,40.0
22c9599757ed22f4db8a3e40bf262f8a3f23c615,1.0,30.0,30.0
542952e7ec43b32a6cf73f791e2fb2309b64cf75,1.0,30.0,30.0
986e41f6540d100138643bd41783156a199b54e5,1.0,40.0,40.0
71360e9530a930b0a5534b4d718277a54ec91e61,1.0,30.0,30.0
ac2cacfc35c986258a206daedb45646f7a5659bf,1.0,30.0,30.0
bd408d169dda6693163ec4d35cce311bfcc1ecff,1.0,30.0,30.0
510749116064f15a6bfc2b34e5642c8722816b9c,1.0,40.0,40.0
cf571b027c9bc649436f0e56cd3bfb0c0903a03a,1.0,25.0,25.0
0e170ee7caa90f3aba8a8b1f8f8f914af92307cc,1.0,40.0,25.0
e843945bd811dce06a0610a0939ae38769aeab80,1.0,20.0,30.0
5a395831c3d4fbbf1830efaed41805054ce29fbf,1.0,30.0,30.0
707d323df77865812fe6ed5a157d03d696f72c83,1.0,30.0,30.0
9066b275d372ade9e9aa5b90d5a9875024d1c9cd,1.0,30.0,30.0
a50b7398e0ba842102d936aa4aa7d591cc097791,1.0,30.0,30.0
f0b5e398b2ae5ccc4db44b8b75168253abf046e3,1.0,45.0,30.0
1172e9a87937acd523f1f6c05cb4ca2f49cf2581,1.0,30.0,30.0
d68e2cb0ab3b4fdf8fef57bed20d1d5258ddd090,1.0,30.0,30.0
4d1656dba74415862af430b823b4a5896ea827dd,1.0,30.0,30.0
d84a62b5dff7dfc3afb5a4b0cd25bfbeb957e2e0,1.0,30.0,30.0
56b9efc74fe30dc9a07f348980e7470e44afb78d,1.0,30.0,30.0
9e6fd2334225088cc2508e0b69cc0ccdbef7eaab,1.0,30.0,30.0
6ba3decef95bf0f68722f1c745d0c547db85bad2,1.0,30.0,30.0
17f493158bc7270ffd5def727361949fbcab8508,1.0,30.0,30.0
e67a5464acd5bcec0c6b84d0a99961a66981a2ea,1.0,40.0,40.0
652cda1b16690acfb59b4b37fe965430ada27646,1.0,40.0,40.0
ab22bad9be8b1bd5313e42592ec2ee7f3f516fa0,1.0,40.0,40.0
b51f1f21ebb467f11ff17a4716236c7907caa82a,1.0,40.0,40.0
2bf513bcb8bab089c763bd215f7315eced8df116,1.0,40.0,40.0
38721f6a79d30ee9bf3df0061435db49d603e223,1.0,30.0,30.0
9e8d3d985a25db97fc1a62136e732cab77a78015,1.0,30.0,30.0
d64a6f1c6b7492d90e4dcd45f7befc89cc2226b0,1.0,30.0,30.0
c06acde2b9089eeccf83d7f92915ebe18dcea77f,1.0,30.0,30.0
f15d6f9ec0c5c31b131f29bf02c6c90e2d736d04,1.0,40.0,40.0
9cd30f9495ec43061059537296db77579793f879,1.0,25.0,25.0
48e801cbb4f463a075a835fe005e127b30886a0d,1.0,25.0,25.0
1f2b5a52ee1fb08e508bd9db013802077fa3de8c,1.0,35.0,35.0
0be6bbfcb42a60fe493375dba2438b2c902b8763,1.0,35.0,35.0
ef7a60ae02555e1e0c3dc0283f3ddbe438f22b6b,1.0,30.0,30.0
2115496b27d2f344b261926f9ff42d072e2ae602,1.0,25.0,25.0
19ca9952496f6a18912fc527da2849bb49ef1c91,1.0,25.0,25.0
188ffc605e94a0a866ecc1087fcc3aa9a33bb919,1.0,25.0,25.0
f42d1436fa85126c1c6595dd3226bd6727282ca4,1.0,25.0,25.0
c046b6c43efcaed638d7d9dc3b473b52b9119f84,1.0,25.0,25.0
aae7388f8fb21cc9a4c6ae895078bfca48af234d,1.0,30.0,45.0
cc816af36209f36fd8d09e5c6f0d16432f710b5a,1.0,30.0,45.0
2db60b56429a8721a8e9a9fef7756fe366247e0f,1.0,40.0,40.0
b03ae60d025bbcaccfe8f54a90f7fe18909a6968,1.0,100.0,100.0
ceab11c00dd0394408f26838212c75c1a099652e,1.0,30.0,30.0
fd75b1dbad50d1d502c0c5b242bdd059eb711e4b,1.0,30.0,50.0
52af3c7966f561e93fc294b5c1be0f3bebd81943,1.0,30.0,20.0
b5743c23321a7aeab5190970e140a2adae823737,1.0,30.0,30.0
a58f69f6b5f7ac906d2781fde3aa77d598abdac9,1.0,20.0,20.0
feeaaae096e4db3d094a4f0f4d2f943c99df8ea3,1.0,30.0,30.0
31784520d3c1bcf7877d192c539cb2340c4dd4ae,1.0,30.0,30.0
e764655d44c13b826a35d57f0f108e59ec383090,1.0,40.0,40.0
8b83f3a1f2e66185530f1be497aa4303aebfa47d,1.0,30.0,30.0
858a6c020d3ce87eaafb26bbc77aba51c2b2e1d0,1.0,30.0,30.0
9ba62562adcdf157f2738bbdc70c4787ba08135a,1.0,40.0,40.0
740a6ccffe356ee47298e50649e3edae25f3fb8b,1.0,30.0,30.0
da51528bca7d7f4c60c3b175f100c039f98e9149,1.0,40.0,40.0
b43a7970daee5b7c3da13694bdc0ed9b45e5177d,1.0,25.0,40.0
b82582fcf559b2beb5f9b62aa20d2229ee307f22,1.0,25.0,25.0
4ab72011ca65744a987749f1c7a36e0ba9f2f15f,1.0,25.0,25.0
ef51c9428e107ab5b97c6fc3f0e577a81a50b028,1.0,25.0,25.0
67db4e837c56321af80cb7185650670488f1e914,1.0,25.0,25.0
9f95714fcc333d9f8e187263cfc3cb797484b56f,1.0,30.0,30.0
26d0567b0353655d31adf7468561e5b9c70175f4,1.0,30.0,30.0
48356055e72a92e31ff607f127cf0548b3d6011f,1.0,50.0,30.0
d7429fa119cc588e2eecb6c447da6467b3a28239,1.0,25.0,25.0
88c5cad2ea960c099a0920289329105d2898e9d6,1.0,30.0,30.0
5d05905d067e3374aad0fcbb672a875d9de0b28c,1.0,30.0,30.0
c0a046501c73855254cfd376cdc0403f8ae46cd2,1.0,25.0,25.0
d85cb8e1ba49b534ddd20273ce426224b3ea0796,1.0,25.0,25.0
c9571f8b2723db369ea4f5f112a55a4abe332b68,1.0,30.0,30.0
7979f079ccf3be5c56d78b9b0f7117fc1f6b2843,1.0,40.0,40.0
673a36d18b5b259ebfd3eb23f31c9b11dd07dc91,1.0,30.0,30.0
af2d440b4a7f449af18d60275418671b4d238e18,1.0,30.0,30.0
6b360bd533d01f2e7a18842af2fa4cabdc976c6b,1.0,30.0,30.0
c0c234bd55019b2753c1b323d4d038e64ed1b270,1.0,30.0,30.0
97f6daafa9b93add557790943dd537f46a2acd67,1.0,30.0,30.0
71826990cc9d60fdd08b404cb9152dc209f824a7,1.0,25.0,25.0
5a29f4b72e522a1b9ef9d3ee56f52bf382f5a0eb,1.0,25.0,25.0
22772d97e0e3b1aa2cdeb2fc9a5fb7e652cd5943,1.0,40.0,40.0
4791426fdfdef906a407c5fcf761c125d36425c2,1.0,40.0,40.0
a178f796f226d9b96bdcc9acecbcf201b3e741ad,1.0,30.0,30.0
0df8cbe13350f5b20d9d4156577709895c315e85,1.0,30.0,30.0
cd07225ef4dd80187e744e8459c1ffbaa4b247e3,1.0,45.0,30.0
f98410ddbcd2ecc1c6845f5e87dea90e9d788730,1.0,45.0,40.0
503918a19537b28772b83d946853df365b4eac14,1.0,40.0,40.0
b22714c930e262dd247a23f6bae55246d23f4279,1.0,40.0,40.0
56032607c384c219b525b35da7cfcd54796ac14e,1.0,40.0,40.0
d2ccf3d830f6b604b82c521c3396a5c9b0460155,1.0,50.0,50.0
eb565d20565fc3029a57f5bce92ced977f2965ad,1.0,25.0,25.0
ad06b249f28b148e1ab4a06c83de29e9acb796f1,1.0,30.0,50.0
f46db4ea49dca2401f578b0a413c3dc6dfe1d628,1.0,25.0,25.0
7e5638d87e0a28dba84c7541b6a8c45071840986,1.0,30.0,40.0
c8003207a227ff859b28f26f0749e9c451dfcfb0,1.0,20.0,20.0
0ddb47e106e769baa6b2f853e2597eb0c9784a68,1.0,30.0,30.0
c223f10fa770973c328767e81d079cd25c827276,1.0,30.0,30.0
91d4ad42af738d308218a86041c68656407ac166,1.0,25.0,25.0
2ac62560e1ed7d4413940b39328dbf44111bafcc,1.0,25.0,25.0
ec796aa392f193afc0ea79fd474ec7579d14794c,1.0,25.0,25.0
54d58893c962cd179b2a53252a6c399ddaf62d3e,1.0,25.0,25.0
1685b081238152ad375153fff3de2b6751d460c6,1.0,35.0,25.0
da28342d37657b33cf142f4914f1fe2f6dc804cd,1.0,30.0,30.0
112d9533ec80eb5bf692e9229ded35351508669a,1.0,30.0,30.0
aa26857cd28726cc659ef62dfc46d86badf456db,1.0,30.0,30.0
ef11f8006d2e8c1d857185342cdbd62c1121c996,1.0,30.0,30.0
09e1e0ddb23a9c3e5ac62b552a856111b5f11942,1.0,25.0,25.0
ab6f243b0856fac2f5107a663e11bbc7350fb730,1.0,25.0,25.0
47a62406d88ed45c9dea53f4a4ac2ad3941a8dd2,1.0,25.0,25.0
0b6e24eb7e5ec7b2d79be3d7374f35c39915f75a,1.0,25.0,45.0
3c95de790dcbbaba78074ab246b5390ae58c92f4,1.0,25.0,30.0
fd0f900ce6910792a50de35a5b1e4b2db9df7500,1.0,30.0,30.0
08d991535fb36e7e39a7a8c2c3ff6dfce00dea14,1.0,30.0,30.0
8d83bc116d5afe3b831b8302beb5109bdb0b3a13,1.0,25.0,25.0
8fda38db99c74d6cc8733702a9d2035d5f25754d,1.0,30.0,30.0
01b1d9f0020d7b6d8b7129c16539f3175172934c,1.0,25.0,25.0
cf102c841c03fcaaef359a8bbd1bf2a53d2e8706,1.0,25.0,25.0
352eb6466c6663d2f41123dcc6a5e362cd237535,1.0,25.0,25.0
66f6a4ef9e7b98a1b35b02bdef0950bf4355a5fa,1.0,25.0,25.0
b989b6a1d00dfbbd640645d3a170dac38a9ab759,1.0,30.0,30.0
62871ad6fe76c65877a8901d2bde812c539ce2b7,1.0,30.0,30.0
03c04daf5ae49a9434d9ca5928d2aa456168b0cd,1.0,40.0,40.0
24b49c8b1f1ed92117a9a59d6bf693d6216e194e,1.0,25.0,25.0
6d0e47780377ccccb42245fd103a1fd35db07392,1.0,30.0,30.0
47b9cf2a180ac5b73ae317521fe75709ba6bf7ec,1.0,10.0,25.0
40a3b49c766b27365b1065907832b32ec0b2dc55,1.0,50.0,50.0
c8ff3b259e58116c447edf4518281167633a85b8,1.0,30.0,30.0
8bda524e31a692b065fbdeaee3a6b54c924be721,1.0,30.0,30.0
eba1ee503c732ebc869b39a9a89bc5436c760b29,1.0,30.0,30.0
5a781938d8d4e3cb44c2ec75a8a487801c576d7c,1.0,30.0,30.0
16f4c03b854107d0d79ae423a47043a8a37529a1,1.0,30.0,30.0
99dbfadc207a397ee4c9dd83d468e08558292b7e,1.0,30.0,30.0
f6afa869e9008789125ec68907ba5406508f3b96,1.0,30.0,30.0
7e647254ab1325b4128bc7fd30c86e9d626557d7,1.0,30.0,30.0
8c59636cbb99f8c3bce22b5d6c019c4ac5db3b06,1.0,20.0,20.0
3b46740747b001b644b2fef916301d44ac7402b6,1.0,20.0,20.0
a2f37f2b4448716f56f72c7399ad7fcf290b2206,1.0,30.0,30.0
62fb412f0bb02a980f8ede3d4453ea04d51c73e3,1.0,40.0,40.0
b7220fb202043ad29873e4103861dc965e3ecce5,1.0,40.0,40.0
bcc0e7438954375614b5912e7015068a6d69feae,1.0,25.0,25.0
57a5ff3185d5ad53faf7082740ab9c20cc0fac66,1.0,30.0,30.0
b498443429ea182f9bbfe8a870149909c488e431,1.0,30.0,30.0
8f2a20afd211417c6208b3654ed3b03b129927ba,1.0,30.0,30.0
0f1af8e7b6559120cb619e6f01fbe2df74a90011,1.0,25.0,25.0
dd42a612733a3e1f4a55a8fca1b42e82c1d1800b,1.0,25.0,25.0
664c1ba19ad665d107b966d74c4857b5dea82dc9,1.0,40.0,40.0
6befc83c17cc6452d50e2ef5449fc677b74cda0e,1.0,25.0,25.0
20d46eaa9ebd42f4423a6c82099eb3dc6d738e64,1.0,30.0,30.0
22658813d584c526b0886b160f257b2558332f9a,1.0,30.0,30.0
38f96bbeb0dc4299df99bd05847e7e138380a031,1.0,30.0,30.0
d975eaf850476281e0374df2be28e2ba33076d22,1.0,40.0,40.0
01269fc785e8d642839b350b3b53bef6dbde8510,1.0,40.0,40.0
64eb8f93398f4d161e39682e0901b31afbc99ce2,1.0,30.0,30.0
c734819f6ca4372fdb5e1118a28d1b245afa8c1c,1.0,30.0,30.0
3fae838573b7e938c64a3ed5db6ec4a85a2f30fb,1.0,25.0,25.0
4a0a6af806475f8195773e93ac3ff7cdbc772e19,1.0,25.0,25.0
6e2bdfb5c77c63f2fc151a799d37be55f891b252,1.0,35.0,35.0
4d6ceb6fb350a28493f035043e876f7e6425ef91,1.0,40.0,40.0
ecc692b6130413dfbbf9aa4b37a486c9d41cf468,1.0,30.0,30.0
61eac21581f11c6cb2b39b83a2aabf60fe1c1c10,1.0,25.0,25.0
afa730a912ff0ed96d81a24716a46b0ed280709f,1.0,30.0,30.0
ce234406766287f6072f8618a0003c22efadb64a,1.0,30.0,30.0
5bb8691737622e5b6be22087f046acc988df78c6,1.0,30.0,30.0
b08d9fcc69777069ff4ad5d547671ef8ef8e8314,1.0,30.0,30.0
eb012a496270baaa7a90bf4b3674469f11dc6a31,1.0,30.0,30.0
fb3d9eb71abc6c5b3fcd9c0155795d18a4496c64,1.0,25.0,25.0
17b91089054f3a99bfcb2539c3e28d1fc3afa55e,1.0,25.0,25.0
c7e50c1309e400d591982bef4a59e8c7811741b1,1.0,25.0,25.0
a51b3aeb30f7d80124f3cdf83dae6dfd368d7bf9,1.0,25.0,25.0
06c4d6abe01f6ef45bb56fc29782481b6b82feac,1.0,25.0,25.0
bac5050f50e36df8029cd9a1a99969caf6f662d6,1.0,30.0,30.0
42f22389926843471552dd302fd67dd5368ff20d,1.0,30.0,30.0
b00422da435eaffd96ff8566513a4d7c2a31e691,1.0,20.0,20.0
bb474e266c8b05fb986abe538809cd8a921dfba0,1.0,30.0,30.0
1416f2bc656396c5cdead31e2760e5bb55e4d834,1.0,20.0,20.0
40690a21da6fa0455c8fcb8c1c4ef5cf32ba2785,1.0,30.0,30.0
7479baa5a114b762a034c0ad66737fc85cba4185,1.0,30.0,30.0
e6482d2f628e8461928ab3fe802b82774b36c4aa,1.0,40.0,40.0
849f64802f266557e641d8c89c3b904493c90c3b,1.0,40.0,40.0
f21a4421c66b4397df788cf9260ef7233abbce8a,1.0,30.0,30.0
3a647d08769be50153fd3f6977330ba3541988b5,1.0,40.0,40.0
fafd811798706801cf7dede4805a426bbba694a2,1.0,50.0,30.0
eda3baf2270feeb4af59256bb079dc26173e7c95,1.0,30.0,30.0
457ff22ae51bd1e9aba8b133536a234257f8208f,1.0,30.0,30.0
cf7565bdb30b8633a2da1ee9822c17586cae7b67,1.0,30.0,30.0
7813349664edab3d00401f31930f7eb0a9369c81,1.0,35.0,35.0
9f5bdc6bb961328a44a6b4fb38e715bef3749982,1.0,30.0,30.0
0bee5bd9703800f0d908ac9395ac4501a14e52e4,1.0,30.0,30.0
cd9ee646810ae4797e9cec5cf3f70e9bc0c67bf3,1.0,30.0,30.0
eeccc07b8d6692fd7fe341e563c6ff9299d3df01,1.0,30.0,30.0
5229d2631aca23dc4e73538219db5711e2bfed85,1.0,20.0,20.0
18bc393de8c25720295b3c4dba35b133ef4fe865,1.0,30.0,30.0
9f6602928f0adbc59f912be457b04a60d76545cd,1.0,25.0,25.0
137b661abea2847798a361b38053cb57d1a9d30b,1.0,30.0,30.0
5a7939b2081067f0401b562ae5bd3e3269c2329b,1.0,50.0,40.0
3221073a85f82dfd82270a74fc23b746780b031b,1.0,20.0,40.0
48ea1d4aa8931ebd28016f39099acc25fa99ad2a,1.0,25.0,25.0
77ac8e70a380913faf9e476f19ddf5d82ca9ab67,1.0,25.0,25.0
0ba82d15e73f11f3491133716abf76ffef9f08a6,1.0,30.0,30.0
aa0b31bfb9a60a462cf8961e3c534fbc52609060,1.0,25.0,25.0
223d319034e543139c149a198dcc8d94057dd7c9,1.0,25.0,25.0
aa8efd851ab50ac5fc4a2439f57386d5ae6ec3c6,1.0,25.0,25.0
f08a9da653bc2e5b0ea63204f630cd90fe60e86a,1.0,25.0,30.0
12f37f170f1379682e15b749c79edb1e234330c9,1.0,25.0,25.0
51a06195fe696a4f0e15258aaf2c18aef526dc1b,1.0,30.0,30.0
21f3b9555ad718a7458232598e4a960eb3f87cd8,1.0,30.0,30.0
d173a589b3feb64990fbe92903f8d765f5d82f21,1.0,30.0,30.0
f479841d9e4be7db998d73202a6db38db31ca1e6,1.0,20.0,20.0
98849095620e7ba06acf406ec8af97c466e2f26d,1.0,35.0,45.0
da6bb3aefa72fd2eaf1e838907ce290a4134b5fd,1.0,30.0,30.0
42e8856aaf33610379b37b019542fc744f50c8ba,1.0,30.0,30.0
5c32e73459665cc4f5915c96e3a0b1c9d5c5a183,1.0,30.0,30.0
d6fda2e5056b82c6c969269fca5aceaf3ded4f53,1.0,30.0,30.0
1c5e004c9718432bc4f575ac3a0741b6368355f7,1.0,20.0,25.0
0c64ebb74f22ff1dc956236bfd3b996e19208ba5,1.0,40.0,25.0
79280d2424b990915d3ccaf249898cd385269b31,1.0,25.0,25.0
424726da0c6d3392e6233324c583966fe4662ff8,1.0,25.0,25.0
8104cfffd1b3ac9906d612b6cd81f6c634a016a3,1.0,25.0,25.0
59713c5b9baeb4ccab88ef946c670535ea9fcc7e,1.0,25.0,45.0
e7c89209a65af3900cb5e9bd86abe88f5b599909,1.0,25.0,20.0
af7e1707284e5aeb79a8e59a505e73da16dfc4a2,1.0,30.0,40.0
3b06b32ae296c4b77b3c760e4aaae8e09e423115,0.0,0.0,0.0
2635715a9965f6e47a1973eaf2de56ae36ad3d43,0.0,0.0,0.0
6b71dc558c34a7ca883408790d933ee4e48401e5,0.0,0.0,0.0
03681f46c5f946b4272e7637a5998ce5ca1630a5,0.0,0.0,0.0
e000652a0aa3c0054da62d39ceabf36a65cccc0e,0.0,0.0,0.0
da9505adb6c28dbd7e4d7370dae225cde5fb39cf,0.0,0.0,0.0
94c6e81a631e5ed0f5d5d2f66fb1880a730132b1,0.0,0.0,0.0
0ffce491d45cc8f378b630d3611fa674753f825b,0.0,0.0,0.0
05df8a4e3977fe5faed716ec44cdd6c00cdd3ed4,0.0,0.0,0.0
e54e2ad0a93bf1f28c87d0b422877286bf36346b,0.0,0.0,0.0
71c772b7e5c2edca026902c2a2f05438dab06b16,0.0,0.0,0.0
2f4f74be23171891f0833a3a53a14aa0fd7652f7,0.0,0.0,0.0
214c900aea6500687f747cf20b91fc2e8a695e27,0.0,0.0,0.0
10a2e82d602218cfec9c9811f5f4ddc9e7df12ef,0.0,0.0,0.0
220a276f8e6fa93834f053cfe9b1c8186f43feb0,0.0,0.0,0.0
12b619cbd56f206467763c0f6fb2f95a81335fac,0.0,0.0,0.0
766aef6777649f38c5a25edb1a2f80e6508d297d,0.0,0.0,0.0
b96e5e3de5a6aedd41ba6dfacb272dfff42f5432,0.0,0.0,0.0
70d1843c85df2a47b0e140510b4d527a0af9aeaa,0.0,0.0,0.0
3ee6a9f822091d43b6717be6efe373bbcb2f6ca9,0.0,0.0,0.0
67488416e02ba0d4622eea14b781b2474d4f42fa,0.0,0.0,0.0
6a4c15d5bdff52a2861a9c1aed4a00408b3303cc,0.0,0.0,0.0
ec3b995d971cdc8998a3d090bf3d5341619cf566,0.0,0.0,0.0
1116b93c681fdd97a0f290f1239826f69a2e2bf4,0.0,0.0,0.0
f53f66e62b785e3200ce1fb49d42aa39a3257054,0.0,0.0,0.0
c1c934f26de9b8b7ee610a704a8807a131b5d50b,0.0,0.0,0.0
e00a8de97d6b3754f9f9583bd2c23397870d60a8,0.0,0.0,0.0
d3677ad8ce60c9a103e9a540aa2be53af65cb37b,0.0,0.0,0.0
1c254f679f6f1de9396f0a3f37c49046d1e06db7,0.0,0.0,0.0
6b6a08b8c3d0e907a807d4b4702cd32c30469f7a,0.0,0.0,0.0
c1d990157b6007c2d86d96b801eec3dc4ac94212,0.0,0.0,0.0
7876ee4d59309c032e562c315c4307afdaae780a,0.0,0.0,0.0
78d6393a39139d137820358146fcc7d46dbe10cf,0.0,0.0,0.0
6be40aad7b11fa6f1dd8e8fe1eb5f750c99d740a,0.0,0.0,0.0
b44ab4400348ea1e3ecdde071294ad427bdeedb9,0.0,0.0,0.0
ae3e405bb88d0d3eb62fc6589865e95df8ffc3a2,0.0,0.0,0.0
370e07d2d1d37839f1284cd15c7773f4d08b54ce,0.0,0.0,0.0
89654a8dd374af489cd9038877db091c69d87ef8,0.0,0.0,0.0
4808725b78d40aa66681ad501c830d735f6b1314,0.0,0.0,0.0
2aada86263161acc6e207ea329759556d308458a,0.0,0.0,0.0
3886e7bcc4b13f2b0f6228f7f13193e9879e5b8f,0.0,0.0,0.0
89894a247167dc978a176c81a4230343d94da893,0.0,0.0,0.0
8d9906dcab3b94ffeebe5aef94725240f01f851f,0.0,0.0,0.0
befd4e503b9121d2dbf7e069ccd8eb9ad64291b5,0.0,0.0,0.0
0f6a5ba983e79b22547e5396968647a58bc3f65c,0.0,0.0,0.0
c7792ddc727819285fb155508ab4d6d3351c6d47,0.0,0.0,0.0
23c9dbc302fc42acd6cb88f615a70bab0e02b303,0.0,0.0,0.0
46f9190142c4543acf576ecfe8b22105f554fc68,0.0,0.0,0.0
bbb53e785e4768e643210b7b554d5b3723364f50,0.0,0.0,0.0
c131be49f2d6d5b4fe3bbbaaf29075ed1da2301c,0.0,0.0,0.0
f3cfbee547595432cff14990bf5205e1ab9763b3,0.0,0.0,0.0
ebf64f79fdd07ecd818cf3ad1eb7912366fc3229,0.0,0.0,0.0
086c0f17687589f5b683bfa3a855be45ce22f06b,0.0,0.0,0.0
012e884435eef1b4503af40f1cca54ee9aa2c2f3,0.0,0.0,0.0
333d00167dd530cca5022bc9d837ec0be166b6e6,0.0,0.0,0.0
0bcb68603f1d04e6da66bac87e722b61cb2b6b69,0.0,0.0,0.0
8d82a7bff1316f9e1d5a5d9984a1b4c87480b21d,0.0,0.0,0.0
2d23e4cb013b347a91fa8b3da1abe6ed78567f1b,0.0,0.0,0.0
78a785974a2c6fd801f483a5c954233825e2e05f,0.0,0.0,0.0
ae26e8ed19ef533e659b14091440459627c198fb,0.0,0.0,0.0
d678e99ec938d34e83d8244e63490dc65588fb70,0.0,0.0,0.0
c78753d0cf8983cb6bef1d964e148b61db6c73ac,0.0,0.0,0.0
c6ea331ecb528777059a29f37fc4b147e245c2d9,0.0,0.0,0.0
3b6cf38996f22120f493d2f64dc03558f4d4f07d,0.0,0.0,0.0
77b7c86a1e9b3742674f2786026d382b6761d836,0.0,0.0,0.0
a2e61d06179e082f194ff8b8cf3307742038d3f2,0.0,0.0,0.0
1d22e63ce436db0a78e20036c47dd1e5def19c01,0.0,0.0,0.0
35613c34eeb1907335c42119795cddf1740e586c,0.0,0.0,0.0
d583f21ddaddfcc403431617077b92abe574b4bd,0.0,0.0,0.0
288c27817e314ea6ce7b40f9bc3db17ad22535ba,0.0,0.0,0.0
822f3b852cd78ca0a88440834c33943c0c77e403,0.0,0.0,0.0
7dc11c5752011a5d457245e49e9983e3ac7aea50,0.0,0.0,0.0
60b6e11891e3ffa6bfd2768b6b2a4d13e064bc6b,0.0,0.0,0.0
7aede2f2b77755b4000e7f6a3f4bf9e2fff507fc,0.0,0.0,0.0
6a363db6c76584fc0f86b492c8c65401d978a8b6,0.0,0.0,0.0
42b8f18b30e86dc3011537fb4a68089deba6ee02,0.0,0.0,0.0
c30e642acbec26ca76effecd20918f9e9b1051bc,0.0,0.0,0.0
031833f31b1622ec6701b7433a1664231f401d73,0.0,0.0,0.0
ac817f628947fc916f1a81f7ff3cf9bb480e5089,0.0,0.0,0.0
63acd44b2f16892a44bf78678475c31d76927e34,0.0,0.0,0.0
e9f2e6e51c86f85481970a8495d95e8c9bb8fe72,0.0,0.0,0.0
4f36e51035451d5fbce10f253e4432430b6fee70,0.0,0.0,0.0
81dc5618c6f52a130d80a03ae2c0e3902e9ff5b1,0.0,0.0,0.0
003aa29b4a39911e544d542fc10d9d53819e1499,0.0,0.0,0.0
ce08b89b8b22dbbdde00c955827d14457747c7ec,0.0,0.0,0.0
fad5c256d397a9d7c8eeb1809c743ad5a8d55440,0.0,0.0,0.0
b40ed1de7389e8198347542cbedce736bbe5c708,0.0,0.0,0.0
11e434552f4a55c0da85857b7b6fbd541fe2915f,0.0,0.0,0.0
5d71a9cc266d0a099cb3712a69c44238283c3961,0.0,0.0,0.0
6fe4593a0cd3a5c5d1e1343d0dc36b4defd699e8,0.0,0.0,0.0
9b0a78549175019d7af0d58ef47fcca65e395134,0.0,0.0,0.0
0f5e855972a22b049ca564b99727c5c3900dba4d,0.0,0.0,0.0
42a0b3f3871e1a46779e9a610865e22caaab5f16,0.0,0.0,0.0
ce823baa7f9b904576d32a955f10e35b66c1e9ef,0.0,0.0,0.0
a409e6217dd683ee8b682c6fc814c195ae22909a,0.0,0.0,0.0
ff5612bfaa67ac5d933a70d65f020d56a7ea3832,0.0,0.0,0.0
0eb1d6980f1cd09b0b3857b90fbd3ced63495e62,0.0,0.0,0.0
b103a75ddaa279459e49ade1bf4ed2c7816c0a5e,0.0,0.0,0.0
361bd8a9f96dd14c3f9654b31c32b692f4877737,0.0,0.0,0.0
fc56c0cdcf4346c3b3888ff6271f75b7e639850b,0.0,0.0,0.0
6fbb0d7be310d872e89d03c5a78cd03e8e5408cc,0.0,0.0,0.0
76e4c2303cb7aafc039e10f1f3dea57a2673e197,0.0,0.0,0.0
94852fce01cc45b656965d4d0f07db25c41dd42a,0.0,0.0,0.0
eec0a660a4a75265fd7591b325b3b50f34a17666,0.0,0.0,0.0
a11ad60f8d5eb6204b7d9476f0d8fe81dd5366fa,0.0,0.0,0.0
c1155fed7f24cfcf8dfe4b79b94c29b069fd7545,0.0,0.0,0.0
24f46c6970d9853c964650f655837dc55fe020ae,0.0,0.0,0.0
14dc8fa4f9f69e8cea225aaf69affde7e44766bd,0.0,0.0,0.0
f358dfec09db1991157bb0a26cdc27d740c5b164,0.0,0.0,0.0
dcfe3b8d52bf0645467f10d9b8a11e4cef11a321,0.0,0.0,0.0
15c4d4383bce300672a0d6221e4029a8d81dc5ec,0.0,0.0,0.0
c362d2ba482239859f5235a76819707ee8df8f4b,0.0,0.0,0.0
7a23bb4907195798b38c2f745588f218f6e9be65,0.0,0.0,0.0
f0dddec2d2ec7534e4f40e0d77f0fe9e26ba6c5b,0.0,0.0,0.0
09283d75695b388822500c1e36ba41beeff85dca,0.0,0.0,0.0
35aa64c9be7890fa89528561064ed6fe96455d75,0.0,0.0,0.0
1ed402607a5b774e38bf083c9f3695fbb7b21508,0.0,0.0,0.0
12a8aa3f8199b9d19245d521cb535609863b76ce,0.0,0.0,0.0
21628384db925a3a3e8eac998886729adf900fb7,0.0,0.0,0.0
b3061be40bce6b3ffb20750e04eac868eb337855,0.0,0.0,0.0
92004f959cf255a74e0629a028092c49ed131ad6,0.0,0.0,0.0
828d3662bbcaefb1b8777b69b09c1fed67f185d5,0.0,0.0,0.0
1d3e6c5daa4a821915ffd11f8a917efaf2ddc986,0.0,0.0,0.0
40e5ae0203391f737b4c8636d8d5dfa764538e74,0.0,0.0,0.0
fe2cc3d9d28d5a6713ccb07f7c5789d3333cc373,0.0,0.0,0.0
47af25bb5582634b21744f40c7362a424af06891,0.0,0.0,0.0
42bd4f2809c3fb3c60b5f64e508ad0c0e18da160,0.0,0.0,0.0
aa46191d2d9956308c0bddefc249cd3c563d0ff9,0.0,0.0,0.0
5f867a2b2757082975cce89623bc09ed517b6a6d,0.0,0.0,0.0
26dcad88f200b7f88f97f3c3e40eec16efd93830,0.0,0.0,0.0
38f046802547ab37ba1f7bded9f30e863d8f7e75,0.0,0.0,0.0
9281e5ec78a75cd592c17457baec108af1667816,0.0,0.0,0.0
7ba2b4f971a0134d22d590fc5c7c895b6ad4454a,0.0,0.0,0.0
5d1fb7bb20585697dca0f6434fc56a339c1c0049,0.0,0.0,0.0
99040b9a8d40eb0364e85c133db86ab82d0f1bc4,0.0,0.0,0.0
810ccf7379d770ac1a73c0127fbc6dc35d4ecde9,0.0,0.0,0.0
fe5af6223300991d2011aba32a00cb1f88b03ec5,0.0,0.0,0.0
7c3a3b9ed7f6d6fcf1135ceeb99f77f179a8fdaa,0.0,0.0,0.0
12f2cf40b6972eb607cc7d7e10e8c3ed7c1a1139,0.0,0.0,0.0
bd0002e70b58aec19ea470b06a1a69268ea53f20,0.0,0.0,0.0
71753bb14f747961f02e44c652bfd32af7027857,0.0,0.0,0.0
adb59ad6230deee2e6c81493c8e678cf2e787bfe,0.0,0.0,0.0
ce57fd50b841a310835bb7956a67e6b856ff9cae,0.0,0.0,0.0
d66b880dc09ba32d85b4376094b3cb74f537e2f9,0.0,0.0,0.0
95be45bff6479b212217c9f11837572fa15696c9,0.0,0.0,0.0
6834a94aea7c2e39e70833812ffaf82696222016,0.0,0.0,0.0
d660516dcd3189e817f7ec736af912102ee70471,0.0,0.0,0.0
f77aafc4b3acd1bcc2807eaae9d332d1bc03fac2,0.0,0.0,0.0
bda62bedef2a3102257bedc6ffd3a407d9c48d0c,0.0,0.0,0.0
2de6d6a5f48579d27b5300d1edafe3974ae04931,0.0,0.0,0.0
bd96a499a9949c61c0e1b624ba4034fd9b046f3b,0.0,0.0,0.0
5e64d752f7fea35fdb0758a04941a19d7b8ffbd1,0.0,0.0,0.0
b148282b75024e0747383ddca366b07e2a4fa8a7,0.0,0.0,0.0
e32ff2e468a9be420a4174bc51b66efd3ec93431,0.0,0.0,0.0
029f91a65013265f752a8987e0952eb9880ec49c,0.0,0.0,0.0
243e61b75a60521ba032a4abd3d7f38edc13eb47,0.0,0.0,0.0
943c00c4f1f80b86c93d213f582de6d645d7471e,0.0,0.0,0.0
2d18d70c1f154072e143d55374012d4d6a3ecd50,0.0,0.0,0.0
3eda8c875559000eef653059bb28257118661b0a,0.0,0.0,0.0
d10635765e175832b0f6936fc5180c517ec62d25,0.0,0.0,0.0
dc862d095d17f03de86e3f55aa2b20c1a914e994,0.0,0.0,0.0
37292339f73046a57302af8d1cf67d5aa7395de7,0.0,0.0,0.0
b07d6ebb7f32b85de67d99a6b362f32a537110f9,0.0,0.0,0.0
283fd8891ad69e6fb9693b2dd53c3784e69cb396,0.0,0.0,0.0
c18a9c9e7a1179ce09be3b36f09816b5e36931b1,0.0,0.0,0.0
bb74499558fe6e4f2a451bd0567f80ec5f488beb,0.0,0.0,0.0
2d48f6b2d4ee43e9efa4bff9a469e66a876ac3c4,0.0,0.0,0.0
7ce34969818584fb09f9e98c7d0999fc0eb4d70f,0.0,0.0,0.0
c31e55d781cc2075b374e6031b3d52c0a56d4d71,0.0,0.0,0.0
135372844e35f638bfb31be9185fd8c8c82a09dd,0.0,0.0,0.0
c3248ca6a984cb5636877166a1ffb4bb49de1d37,0.0,0.0,0.0
7e1bcf546ad64b91599dbb267887be242667df85,0.0,0.0,0.0
ba60eb24dc268c413465162d0345d8a7c66e62fc,0.0,0.0,0.0
e9c7ffe6bba2a5ddac76266bbee2556afbb3e348,0.0,0.0,0.0
12f03122d50c5a198811d9198c7c79bfa35c6e8a,0.0,0.0,0.0
7adacb2ce8ef21ae0732cc7f6145538fa2c59c1d,0.0,0.0,0.0
9ec3c160922a5670157edba3b2ee561554af636e,0.0,0.0,0.0
7adfb5d59d19c05d9d4c96d3f09602f7d0749287,0.0,0.0,0.0
4d2aec11e93fa6e9c6e02300a9cc564e2b4a48ef,0.0,0.0,0.0
5b6ac169029cd1d2f3229b9c4fcbfa529232006d,0.0,0.0,0.0
dac0b5f65202a972056e0bd1a334dc27dfded21a,0.0,0.0,0.0
fd29e543b498d7d24f593fbeea5d6f47d0a98d5b,0.0,0.0,0.0
f4cfe6c9472d8ab7b7e78c7112889f6a1999a4ab,0.0,0.0,0.0
e8b3c8abed19116313988e18803f09bced46945e,0.0,0.0,0.0
305ef71155e8174d1a8b01fb0f32dd54dcc3910e,0.0,0.0,0.0
19be3a6ae4c31cdf6c11fa1ae7a8451c649f6f5e,0.0,0.0,0.0
8b1a6dead4e015f168627d466b5eab09aedbf90d,0.0,0.0,0.0
6d6297900add2a2634fa061df04de92b83fafacb,0.0,0.0,0.0
f69dd04a1bb2fb2f70dd314493b6b5350f6e9e6d,0.0,0.0,0.0
d5876fb21caa3a24cfdd767941625fb4f863f941,0.0,0.0,0.0
f42729cfb8e85b4600906c569266a1933cfd9cab,0.0,0.0,0.0
776b110d1c6369646b4389568bd934bf65f8b315,0.0,0.0,0.0
a2558a0689f01113053c360733175517cd3a44e4,0.0,0.0,0.0
fb830e9486cff537eac9b1fe982af3f5bfa36609,0.0,0.0,0.0
49def8de9d5a3245f0990f99964fc930f566cf5d,0.0,0.0,0.0
7573017a5c1da7438a2fde2f50b5eb0eeb31559a,0.0,0.0,0.0
3acc904cd93511cc1b990ee8ba9025814bff3342,0.0,0.0,0.0
74d06148124d188c165bb3126fbf3c088e6ab92c,0.0,0.0,0.0
cacd7d44acbf886294bcccee1a1cabc05b90ab42,0.0,0.0,0.0
6dbf4854270fa18667fdf39dc57d15c0a321a792,0.0,0.0,0.0
8e0a53f1577cdcf76574ba0d48aa2748e87a1a97,0.0,0.0,0.0
88658bf97114ab5584fa5afe9f0cc0e35c3380f4,0.0,0.0,0.0
7e577a42be709f6c3fec2f0d97f613048da8d8bd,0.0,0.0,0.0
06932f783fc99926b9e25d5136a03679655af3b8,0.0,0.0,0.0
8b9aba1522bfbb43e50d82664e73afc8032ac0e3,0.0,0.0,0.0
3035bd5ad0c97c293bf5a954d24a9b3106dc2ce9,0.0,0.0,0.0
4e3f2ad09e5132f3e577fcc74bd7744a2f695d2d,0.0,0.0,0.0
c99de975318bbb789c414c68de75f68f662fe2c1,0.0,0.0,0.0
7eb474dda4546e249ebb3c2ffd0254d5536fd402,0.0,0.0,0.0
c73ca3d5896a1e112365a7421e26d421795f003c,0.0,0.0,0.0
7170639ee43a431088a05a4ab1b692f90054173b,0.0,0.0,0.0
86330eec1b82f53b5fd02940299d3aae48ce3b06,0.0,0.0,0.0
55c9e3f7ee82833c12bbde845975719722fdeb32,0.0,0.0,0.0
096743a0011bb2148edcccc7c2433ac0b7727bc5,0.0,0.0,0.0
cf8ad56a2d8715ac2a34ccd5f8529b8fbfb42acd,0.0,0.0,0.0
4f083699955757f9b13ed032f538553e533b20de,0.0,0.0,0.0
5edfac46ac4aa0d69f34c70f80b0cc99e9e1331d,0.0,0.0,0.0
2267c9c1bfa225bde3a4a95a03775d5731f0ace4,0.0,0.0,0.0
5166e9a0c364b75676c083f8cc568c4688bf112f,0.0,0.0,0.0
6b762ff323c4b43368fa668e538f53fcc288a36f,0.0,0.0,0.0
4a58154adb3aaedf3938c75475734091537bfe70,0.0,0.0,0.0
4db41411ab2063fe209b105bc325bf5536fd0e69,0.0,0.0,0.0
a8270dbcdf39e45fb2b4feb3ce2f6ea0aacd6f48,0.0,0.0,0.0
1f6b224acdc6290871330683732392a082ca062c,0.0,0.0,0.0
73c1e92790146a1ad9056cce63f07bf000c14672,0.0,0.0,0.0
ff28faa08fe2cf4d4562e76542e21a65ef3deaf3,0.0,0.0,0.0
b5054c07a9e08e9ad57851a5d7d18de35891d8c5,0.0,0.0,0.0
1e09abc042436630c66e62166d02b9b15e83b2d0,0.0,0.0,0.0
42fb2387913abc7277f3f682a77cd49b9acb5a4a,0.0,0.0,0.0
f79eec21561785c303b4d68ab7e196e3574a0772,0.0,0.0,0.0
db7a91398e8814ce389c3f51f2b395493ea6e81e,0.0,0.0,0.0
ef8589fcb9c17f27b0db30bd86da6c315583b173,0.0,0.0,0.0
06d5ce33b84af693cd25a468c6ede67c44ffab8b,0.0,0.0,0.0
88365bb43e7c4205b2c41c5609db02347681f1aa,0.0,0.0,0.0
af3cd6b99c78d9df6cfbd493c1d26db3636445bd,0.0,0.0,0.0
ffe87d33f9602097764950ef5769e68bc5cb76d9,0.0,0.0,0.0
5f5c041467478bfa37e1c24af74963580a4b52a5,0.0,0.0,0.0
c40bf28b2f32ca2c1567ab16b43d5bdf1bb9e2e8,0.0,0.0,0.0
bfbcae25daee199930b81d16557420d6d521b178,0.0,0.0,0.0
5d62e2c016f877bec71c4030b9f919063c0bf53e,0.0,0.0,0.0
42349cbdd2b4c4571703d8e7a7eefc20100029e7,0.0,0.0,0.0
586f59605b2054eab82ea1008a83fd24d5bb3688,0.0,0.0,0.0
056b6f78bd579bddc0ec090f1ee4168016e240f6,0.0,0.0,0.0
7624d44bdca5afc0e5207311f6d5ba27aba0fe7b,0.0,0.0,0.0
2944affaa8b8667fef7c8689e3837b16c5947bdd,0.0,0.0,0.0
2370db93306d5c3b8a453bcf343c77f858fe5b87,0.0,0.0,0.0
f42cb49e1b53791f598c4a82ae16bc5d59c74f95,0.0,0.0,0.0
b4ad87889c91e1eb5fd0624e213e44093956f436,0.0,0.0,0.0
a6a1ecfb7b6e319b475c9d008576ad453f62bd67,0.0,0.0,0.0
ea6223d1564ac06f0b79a1c39abbd162532dd1a4,0.0,0.0,0.0
bf96e5a766e87d7d8b5a4d3ef6ae4261a1c57432,0.0,0.0,0.0
9adb740eff669d835f5ebd00ef8c4b04b18428cc,0.0,0.0,0.0
f462f984e98df6c270496e3093e284fab545620c,0.0,0.0,0.0
2920b1024805698b74bed5a7178f740ec077781d,0.0,0.0,0.0
ee711a4b071ef077a5391985acb2fa98d5830fcd,0.0,0.0,0.0
1bf3fad5b1c35b0534622735eda6b6cc5db54f51,0.0,0.0,0.0
91003631a78345054f590440bf1da73b6fadf2f2,0.0,0.0,0.0
516591ea778f05fe866feaa9c7a06443c7bca0de,0.0,0.0,0.0
e33ebaee557780037bd347524642a7efc5e65e3f,0.0,0.0,0.0
c9dba72f3a954182af99e553489edda7c7484d4a,0.0,0.0,0.0
b95d78cfa7646a84658a1116549cf802033f312a,0.0,0.0,0.0
725dcdd1aa42c245b81e8502bdbbb5c97494fbef,0.0,0.0,0.0
d370f3f2e7f950c6f208bc4f86ab15ef633ff975,0.0,0.0,0.0
481158fd56b9c0f54d24c82de2ca398e90c3f047,0.0,0.0,0.0
270b92ff820894976f90c205d4b74bff8a962310,0.0,0.0,0.0
b9e94b10005cd2889519744b3c13da3509898935,0.0,0.0,0.0
d212479a12a3982bd9f0a0554dcbd779bcfdbce0,0.0,0.0,0.0
ac70fadc362fd438e009ce675c18e375a75367fa,0.0,0.0,0.0
7a9407635ab9ef1d6a3639dd3c18b7d45d3c1397,0.0,0.0,0.0
e9053a187a40912ec635431c08cbec561f266e32,0.0,0.0,0.0
7204f0755a9865ad809da86c1c7cf9cc76e039a0,0.0,0.0,0.0
cac5bed08a4a98281c7a893fee38549c3844dd7e,0.0,0.0,0.0
8225294b9a42eaa6323b9e0462fed782217d63ec,0.0,0.0,0.0
f145e6289ecfaa993647c185ec47d160de11c549,0.0,0.0,0.0
a401ea4eaf825a384fbb9b2caef64a1c53c6dd35,0.0,0.0,0.0
386a2b1766282d027136e9febd43c7c69c630bcb,0.0,0.0,0.0
e7525db19c0f17e00075b8a53fc0b6c56ae90f81,0.0,0.0,0.0
15c896b4785b668708ebcf85d21800b792c743fa,0.0,0.0,0.0
fe5d6151972945a6adbb92bf11aefd820216e20d,0.0,0.0,0.0
25845182eceafe8cc938f8022bcd903cc91c2065,0.0,0.0,0.0
e5bc74d06255b9648a2105f6d7cadf6451cd968b,0.0,0.0,0.0
77299446a237e2f12b2a469339a2e407912160f8,0.0,0.0,0.0
e25269df1a7ea541fe9d5f83a2a74addb6189e91,0.0,0.0,0.0
a87b6e05374771bd4bdca17f5604a832f17406d3,0.0,0.0,0.0
5515caff78513fe18db3fbb3c10345b22ce67f1a,0.0,0.0,0.0
4b379b699f483882e9e4fbc602ebb41a13de2679,0.0,0.0,0.0
ee1f3a3ec678d79083802db09da1dd4cff48398e,0.0,0.0,0.0
95a7d3d70c992228a71bd9d2199e59bf4171d1b4,0.0,0.0,0.0
168ad0b5cbd4ee88eb3eb4feb5aa68510988e489,0.0,0.0,0.0
36fe1ea76ae47026079eb083f381e0d89c183f69,0.0,0.0,0.0
944fe805b6f2e3dd557cc45ca6b7832d404df6a7,0.0,0.0,0.0
51ac889afa91c483aad8dd05dd69ff05f6a7dc0d,0.0,0.0,0.0
011e9fbc325e12a4a193a6f94d7f7f99bb049fbd,0.0,0.0,0.0
a3b2a9c9690fd0f5b2501755805392b555c059b9,0.0,0.0,0.0
5322456dc1db8930e1936c2fee5c84b2a65a37e0,0.0,0.0,0.0
edb4eb69d3b1ee3512b5ad4e55d8e21434c194e9,0.0,0.0,0.0
0fd600c8c9c41ed3f3d011550184405f5524c495,0.0,0.0,0.0
974f76069d968553b128388540408affea0d0557,0.0,0.0,0.0
3f4a9f29efe771f38c9dbec01aeb128fe74f9cc9,0.0,0.0,0.0
851e80b0a3fb926fd02d22954f7a37da6b7e176f,0.0,0.0,0.0
9d96219cb334406d5601870c9f577659fa6bcf15,0.0,0.0,0.0
608855683cbaedb29b0f4ea44e2891ec3a118bd3,0.0,0.0,0.0
2ab02cf249696fcaeed8d4f3fe2b7bf150ba6a7f,0.0,0.0,0.0
e412bcd95a2a1b3a85073a43d89f370ee5c8f0c0,0.0,0.0,0.0
b7de1114ac55ae7d3473eacf5894157af858034a,0.0,0.0,0.0
aab213da779bf489bd5c9586722024e1f2de4fe0,0.0,0.0,0.0
9ae77d99fb2567184ef2cc0d31029b8c52d17ce0,0.0,0.0,0.0
5f0e7b846291649db4433dbe525ebf0a1bd67d92,0.0,0.0,0.0
937d69fb9450f0b4da64868c3e505916b9be67fd,0.0,0.0,0.0
e828b681b650edad4f098623d90829ca6b0e6b9a,0.0,0.0,0.0
0d7555c46a6dc47ca13b614e14a718a03396b73e,0.0,0.0,0.0
ef0dd4cc166e1b5126f938953189b8790f80c893,0.0,0.0,0.0
9400027545bba21c44250e59236df40f825b74a0,0.0,0.0,0.0
ca43cef965c2f0ee996015672dff2814ad5e6023,0.0,0.0,0.0
b107b5bd81d477226578f77acdb92ddbf69e5f71,0.0,0.0,0.0
41f7200ca44677ace98c9805f34b8fd80f424a81,0.0,0.0,0.0
b787f81e55ed4cd97a2a6aea3d6fe5a3fa1a7662,0.0,0.0,0.0
39d5b0d8c62636af481f803ec8380332e90862fa,0.0,0.0,0.0
91cb72ccefbb4e4ca3d4bda3bb1aedf01f15f5d3,0.0,0.0,0.0
192c864e5739ae7f51bd00a54598e38139405e7f,0.0,0.0,0.0
ce9c01224f7be4129ab59a15114eebb1f698d7cf,0.0,0.0,0.0
2af4192ee4de23185abb0e1677b61fd9ea52db61,0.0,0.0,0.0
bd889dc3a76bd37589126216c673ea7262be2dd8,0.0,0.0,0.0
65283dda64b9cb04f5ec1a4beb4b517d361881be,0.0,0.0,0.0
e2da7b3c534232bcc0d40e7aceb18b9ce0fba488,0.0,0.0,0.0
07ae09515f31979da19adbb3d69544306e1bd731,0.0,0.0,0.0
03637f7e5b92276996ec5027fc6d80038306435e,0.0,0.0,0.0
fa5e3b93c7f9366f837522f7bdcc9dd31180371c,0.0,0.0,0.0
03d3a74347acf67bc38c5017c774b8a99198c987,0.0,0.0,0.0
cd354868967e5ac62ac1b50ff97a0e0636ccb524,0.0,0.0,0.0
2771431a09f0ef078fe094396a695d3a03dd6a19,0.0,0.0,0.0
95a389edf1179cfdc7fb4e2f9ed843504f2a6170,0.0,0.0,0.0
9487d3c8bf891494920cdab21af1ce8399e2fea7,0.0,0.0,0.0
74c3e4c96f646653b6d5390c85eba11e8e895921,0.0,0.0,0.0
d7a66da05528068a4a412c93a8aaf16b02d3fc84,0.0,0.0,0.0
85c60690de96435b246d534b6f124837e86662ef,0.0,0.0,0.0
e6b97af9d3f03ebc53d3c6939d3fbab090f8db6b,0.0,0.0,0.0
ce9bb27cdf1dae236c66d2b7554acd6add44eccb,0.0,0.0,0.0
3263e9f5b5f6020582cbb71672cb6cefb7f420a4,0.0,0.0,0.0
fbae57e930b8827cb3048364f4adb640e2b80c55,0.0,0.0,0.0
89e7b4ae6b2c785ebfcc30d8709c43aa6e49716b,0.0,0.0,0.0
e4cccd54b1477447d67ffb2030b31f6f0ebf10bb,0.0,0.0,0.0
e260da23a9e3ecb9cbdf925a906197ff91060901,0.0,0.0,0.0
fa492d29d281d71d17bbb5db280aae4992f40697,0.0,0.0,0.0
b17875336c4940ab5376e646d86bf44aba8a4ce8,0.0,0.0,0.0
1119d743dbe7217d0a6ff2730ec06228032965e4,0.0,0.0,0.0
8024ea2961a2b80b09fe3eb07127d3c382d3f22a,0.0,0.0,0.0
3428d670852404bc25c8f6f931f066084680d097,0.0,0.0,0.0
f6be02d1eee2e0e85d8f611a164537938d63a0a1,0.0,0.0,0.0
dea45c5e35b9f30e6d4b34a87da21f40a90d6f32,0.0,0.0,0.0
64cc58fabd5b0c7db90ff8e4b99fa06ff2edb9e8,0.0,0.0,0.0
cd0183c653d3e81a6c1f638017522c0442b22c0e,0.0,0.0,0.0
b8c55fbe315f4383eb85156a9a58505bf60e3c5a,0.0,0.0,0.0
ad9f68b10243125392808b2e20c993af04e37720,0.0,0.0,0.0
8708b2b8ca1e51f973108723725b245e4f9bbd70,0.0,0.0,0.0
4550259426bb1e45aa7dd6b6b4358f4c4fb76648,0.0,0.0,0.0
93a82571ee2467c4745d112ae16f7e04957d6698,0.0,0.0,0.0
38cba0a6fcba3819cab5669ef09d19ee9bfc95d1,0.0,0.0,0.0
e8fb8c5ef2db1703a724652766eb49b03a3ba3bf,0.0,0.0,0.0
9c1cd5bc581e6aa2775e1581239eee39e6a78e37,0.0,0.0,0.0
cc1284062fe48f788ed3e71b4f797ed4d7314f6d,0.0,0.0,0.0
a590829503b45d0c57409596cad5de00aa569fa5,0.0,0.0,0.0
a29c32c81b5d2c3fb84b5ee55a19ffed388295c3,0.0,0.0,0.0
d691da182e1cf8a2a3602bfe576dcd506706484f,0.0,0.0,0.0
0c8edc16b27ffff94a17c13ad0db8317dfd14948,0.0,0.0,0.0
194d47b881a73d5473f78faa573878f013afd3c5,0.0,0.0,0.0
d2684ac335b38f380f2e29aa3ea8ba3120dcc283,0.0,0.0,0.0
2760ca8447e5167a65fd221a6deb9fcc3378b41a,0.0,0.0,0.0
110e79285c826fc0cde8df9815cf3fc869e952af,0.0,0.0,0.0
28beecf6145be388ea2591f518ea30c00b87710c,0.0,0.0,0.0
9e07f2d95beec0b86367d0d16b83b199340f5ac2,0.0,0.0,0.0
a95ad197f8ffc11eb3fb74281a17a374ee2ed1b3,0.0,0.0,0.0
09bc713ad4fd9041401d2f0ef50f559b2b08ff68,0.0,0.0,0.0
051dbf56019190c06a2552b394d87d6a3371d8d8,0.0,0.0,0.0
2d9fade394258c943b58dce3d4ed130e023f513f,0.0,0.0,0.0
eb065e905cb87491696eb9b1ee4baa51cd2d525a,0.0,0.0,0.0
51b54dcc37072b5340f909dc8f5c60589c3e0568,0.0,0.0,0.0
0a1353fa78f70b7df7c10545641cedf179f6ecb6,0.0,0.0,0.0
0e78fa54023a5a1cd7353c7df00b94b7618f50cd,0.0,0.0,0.0
15049c23b261ef669d3b70195490197348816608,0.0,0.0,0.0
b86be03ddb017f1a663f58ee463897d845b46f98,0.0,0.0,0.0
67d39067f08d48fe3f64bd306ff38e8dc7606eb5,0.0,0.0,0.0
c5eac42d1ebcb6442ec451e1db6de02c62108f4a,0.0,0.0,0.0
45ec556579ff19b2df3036dc5b0d44a3132dc04b,0.0,0.0,0.0
3632ba6be3cdc9e3d8e1a3aa5041b2e5637d018a,0.0,0.0,0.0
187eaa7631ecfdadc7231842991614bd6ccd24a7,0.0,0.0,0.0
4cde496585baf0fc84b182813cf6757a6030bde1,0.0,0.0,0.0
5c4aa1124480c73c7a26a18d53506813c464fd86,0.0,0.0,0.0
ddfc7049704b4289e79c2a5bd74d9814ab00a27f,0.0,0.0,0.0
cb4c1a4add6712d78cfa2440afb42c3d8aa002f9,0.0,0.0,0.0
a490b3f7d1fe2bf7831d0833d5f65e03e9dc8a9f,0.0,0.0,0.0
764d4025642610e76eaf25825da9793845ddfa80,0.0,0.0,0.0
73a2e255c5858793b276a5387595ca7b5bdbc66e,0.0,0.0,0.0
9a8e1d9d04a7a43656284f5b1f305b7877151e90,0.0,0.0,0.0
b56ec507226a1245401f17393a040551a37ba4fb,0.0,0.0,0.0
a6874dde56aa13a85770ec15a07a8f68d39afb25,0.0,0.0,0.0
19b44dead52d80fabeb431d55952b1c3f6108a2e,0.0,0.0,0.0
f73fc9ff32f3d4170dc0911589bc6af6a9d820c8,0.0,0.0,0.0
e28322ce5d191eef5092907d119a690410757978,0.0,0.0,0.0
5d6633d23b253c2de07eae4858869d3d60daea7f,0.0,0.0,0.0
a3685bebf56fc1fdd9ab686b5701c9d3df751cb4,0.0,0.0,0.0
c4fe85a1bfcc76739374dca20c38abf088bf88b9,0.0,0.0,0.0
722e82d3539b9cdab75b73a9016faa6b90c76fc8,0.0,0.0,0.0
98933d7b878ab629feba846e2d62b073987714f6,0.0,0.0,0.0
f8ca76ece0d81b9f7bcbc6d36631e91731c71843,0.0,0.0,0.0
f8fb46d4dd92d6f8195e516e8514b3b8f79ede15,0.0,0.0,0.0
5bf29d26d2191929ac21de67d78f551ff408be1b,0.0,0.0,0.0
6fb1309f3aecb3e17856423042742ed21433896f,0.0,0.0,0.0
f686cf5d73c8c70eb1edefa62901bf5848937e5c,0.0,0.0,0.0
2cbcfc7421dedefe77b9e448e01714f2c8489865,0.0,0.0,0.0
b2c9a873fbea9496f9de5e7b7abfdda7b1ca24a3,0.0,0.0,0.0
34cb8976b8f1684289441f4ab151153ec1809d55,0.0,0.0,0.0
69610a9cbe727cd4893e49409b9c920ca36412df,0.0,0.0,0.0
583192bccfef72101061e81c03e8ad19b7900b96,0.0,0.0,0.0
3c655ec15a339b33c76d6b6c51424a51b512b1e9,0.0,0.0,0.0
2cb0a4f11869c778c66117a5cc76b47af61343a0,0.0,0.0,0.0
6021f01a5fdb0e52960505ca624420290d949974,0.0,0.0,0.0
a7f92b22a39c7fe148314755465a48e6ed5082de,0.0,0.0,0.0
9f1b500b089301417c0545faba08ffb4f9366f75,0.0,0.0,0.0
87da36ba7deede262a168708357aa46ee8128276,0.0,0.0,0.0
8a9db4d4020c72d7729f669367c50de37a60830c,0.0,0.0,0.0
c6a5ad19c0104b1f6e5d28aa8ffe959c4b022ed1,0.0,0.0,0.0
5c85eb1f1d1e3b309af70a261750ff82cc258984,0.0,0.0,0.0
626d3716e18645bf46697d35825851676b1d8df4,0.0,0.0,0.0
9da8eb7110735c8caacddeaa7aacad939709b097,0.0,0.0,0.0
7f087bd24f8e5a7edb52a4c6e40d22c50103a96b,0.0,0.0,0.0
597d6fe5f7f8c53f27978c8ebc67d1d89c4856f7,0.0,0.0,0.0
49bc94cbb5a50c08a04254750b3fb8593dcf68af,0.0,0.0,0.0
576c3ab908a37787a77adc7e5fa4d0f38dc90539,0.0,0.0,0.0
07b5ba4a21ca4a6b781b79f568d315a85d58ade3,0.0,0.0,0.0
06c6291bcd6d66fd32d7d47952af4dbcd5e9edb3,0.0,0.0,0.0
485cd4212bfc586c3527c2db3bef7dd283fa2100,0.0,0.0,0.0
db9878011e567849bdfda0816a94328888023a79,0.0,0.0,0.0
90aad4767fc2227c1cc078e2a636c46bbfcdac41,0.0,0.0,0.0
d0df6c3902dba678e08d9a3a27f6dd69fa444034,0.0,0.0,0.0
ad2a52847c54f64330210bde636b0deb6970c923,0.0,0.0,0.0
ce61db21cb259fcd10f392c21e8618c009817302,0.0,0.0,0.0
bce007b9e9faba876d158953d682f0d68595a31d,0.0,0.0,0.0
4e50c2502961ffa06311bd22d5f24d78af4ffc32,0.0,0.0,0.0
b441197b058bc241595ad84dbe393bda317fb2f9,0.0,0.0,0.0
dc712bad0f1e26b2eb1ea080bccb56c7f70ff1f8,0.0,0.0,0.0
b428bd64a58ac0a256a1ba6fb4f62e903a52155e,0.0,0.0,0.0
fb033faefce0c6596c9ef52e0768f88446f24202,0.0,0.0,0.0
32f5b50e258ffcca79e8755739c69e2bbbd03526,0.0,0.0,0.0
03b58d26dbfe7eb8bc71c5ed7f27461854124428,0.0,0.0,0.0
ff4b197361e68b4ce0d79e077b06fdf51966fa61,0.0,0.0,0.0
ad3cadff3f4ea50909b9326dd174a84573814ac0,0.0,0.0,0.0
d1bdea6cc7f205227ddb644fe677a9d4abcac298,0.0,0.0,0.0
bdd225eab143db6b695058e802c1e2da6f051a8c,0.0,0.0,0.0
f1bbc2684ed4dbe58dd78992f44d7518a5a8803b,0.0,0.0,0.0
657319360fd4b84a2208fa2463f9191985169957,0.0,0.0,0.0
a580394b41a9ca31fa6cf3f5787df934d1e803c8,0.0,0.0,0.0
0d917b36479cc809e4cdc23c95d9d0968bcf757f,0.0,0.0,0.0
fcea4eb8b7a5366c5b751bd154e2109fc0f59ea8,0.0,0.0,0.0
5ff4646ffa41d977cac8b6d1cf7674f3a69aa4ed,0.0,0.0,0.0
e6a7ab09a1475b02bc29620fe9afd1ac7e924b98,0.0,0.0,0.0
77d4bb2aa9a0e4a26a8ef71a9b1b930f874ede46,0.0,0.0,0.0
51c4c0ef6a82cd575708ccd4a8f504748e03b9fe,0.0,0.0,0.0
d92a8e78975b82081fdd3523696102511409b764,0.0,0.0,0.0
62e7a356b84e455ba04c64f28a0b453bcbbac9e6,0.0,0.0,0.0
14b80ed2c9deaf7829b04f00d419646f30b9c275,0.0,0.0,0.0
f4588d414a5cf5663a5555c615ac8864662d71eb,0.0,0.0,0.0
33041c5b91aeb7173e5b5e45e65b28eb542949fc,0.0,0.0,0.0
9681cd12773bfa29c3756716b800b1f10ef635f1,0.0,0.0,0.0
26f3bf698262dc714f8c044ee59309a36f961d7d,0.0,0.0,0.0
27d70f47803252ee30bb07e1f61d3f6ed5b9e04f,0.0,0.0,0.0
6b8b904464f0b7f88608e9935ea0a1d752c7b6fe,0.0,0.0,0.0
948335a9623a28584300da4f6771b04d4fbe5efe,0.0,0.0,0.0
b50b5f685b4fe8e68c327ef45ae353e085c0c77f,0.0,0.0,0.0
2fc67224be738c0433c7871cf0bc15f17c6310e6,0.0,0.0,0.0
b46d12a4e7fc743b5cc32d2f2cc338eb417e5c6b,0.0,0.0,0.0
4c7aae3416d926e09f1e6b44dbffd25f3cb40666,0.0,0.0,0.0
719cb26257893ec0c9cc20cd12aad99cd95c7ccc,0.0,0.0,0.0
9a8da9200e1e601b5046024d78eacbc2a5d02a0c,0.0,0.0,0.0
c4868be75c91a77e05f8a07dca38b3177cbd67dd,0.0,0.0,0.0
5c10aa2eb2ab82c3dd3f2ccba3e6a55ee79e249f,0.0,0.0,0.0
7b380dc5f585a941fcaff7a2a145778f63526cf3,0.0,0.0,0.0
123d7f18a2e17967fc978f4422cdb8b188bf4687,0.0,0.0,0.0
111848dcba4ba699e81577901566943982c667ba,0.0,0.0,0.0
c99bfc4ebadd85b9b849593460f4a3e4465399a8,0.0,0.0,0.0
e5d3f685cab46b9b476c098deb1103240984a1d2,0.0,0.0,0.0
085bc731b11a3b6595d3618cb0d28b3d21c702b1,0.0,0.0,0.0
a24ec9aa342415c656b4a6d07274093ae2492a84,0.0,0.0,0.0
000113a692ba61cd55ea3acb9c2f9c41709710a1,0.0,0.0,0.0
a934176d09d07f0216214e9725fc437f4d434424,0.0,0.0,0.0
aa4491a1614bd548ff4505fb30e2609667120140,0.0,0.0,0.0
532731131518a77818b0b8c45afb6c5c8c0f798c,0.0,0.0,0.0
ab06a7f7083f67b7dba412cacfea046ea66d9374,0.0,0.0,0.0
4a43ef43b354595070535a68d0a1dbc69525c706,0.0,0.0,0.0
1669b15d0c615b0ea2802244c91ddb415076a07e,0.0,0.0,0.0
0753ca27b0ee055475fcbdffe8d323303d82d9fa,0.0,0.0,0.0
a1e4a6fb69d5b2f02483bedbd198ad3adefc6b83,0.0,0.0,0.0
2e169559e39ee02f1f6225c02438753ab0faa7da,0.0,0.0,0.0
7fd757172674bd1da0be30ff0082af7d6f8b13ea,0.0,0.0,0.0
74c507a97bff09c3ac7ca7921ded77e526814f9d,0.0,0.0,0.0
b99631ff9cabff35e095e7b438e3791a134ae7b7,0.0,0.0,0.0
6e1d6495264a46c282dd273172a6acd1598f934e,0.0,0.0,0.0
dea00209b01fed2b8e0c00995d44dafff4ce0f05,0.0,0.0,0.0
f2dfcb77ddeed31db75fed9a7cf2cccb37f6577a,0.0,0.0,0.0
268b5759281d40fc891b683c03d4d3a1b7681803,0.0,0.0,0.0
6c5ee0d66757c0769d131f1bac646585bdeaf81a,0.0,0.0,0.0
e9d6bc245c4ea6731f8f07d5ab1f689e9c43544b,0.0,0.0,0.0
31014b0c24b100cbfd47832c8c2f99985db5c5a9,0.0,0.0,0.0
a3b0c025e7f9c8349dd95057c1b6a787c30bf215,0.0,0.0,0.0
a5d244c0d6479bd263a7675814c0b55288649ea7,0.0,0.0,0.0
0daf347e36f24135e53b289d85de83f3a1011ac5,0.0,0.0,0.0
33ce2f5cc33cde3c0b5b0fd810494c743ac5064e,0.0,0.0,0.0
84296893c55492c4f5daf7c10eeefe0f5543887e,0.0,0.0,0.0
57f589fc36dfbfb7f78e4bce49974af5d9e12adb,0.0,0.0,0.0
dc342e378d5f1d86fa6537fe09d859a423c90e4a,0.0,0.0,0.0
0599b28df205a2aaff1ddba33662460d77da7c40,0.0,0.0,0.0
cc0893c28d925af0bc1cb456e36db9166be6b821,0.0,0.0,0.0
369ca065cdb291356f68c925f31c908f637a0ea9,0.0,0.0,0.0
97180be9914c35c6c51c8f81561798739b8a2bef,0.0,0.0,0.0
4744a7fbf56f6b60f8c8113f3972f75c4dcbcb84,0.0,0.0,0.0
568b294bfb5ca038d2610a9d2465b5faa668b226,0.0,0.0,0.0
51e1df4b05ea00ebd69acac60a32c1bdc8333ff1,0.0,0.0,0.0
37f527a0f26fd7eff8dbed629cd8421d54055259,0.0,0.0,0.0
30ef3bf4c763706b9f1df09d3850933905c9163f,0.0,0.0,0.0
cc58138f65f31020b9147a7fd185227b7efbcfac,0.0,0.0,0.0
4aa922073232777b1e4715e06873094332d30d4a,0.0,0.0,0.0
427c040c5de84ebf22a8115614f35ec58cdc5e39,0.0,0.0,0.0
db12da54e3deb46f1a18894a98ce5ae3fddba192,0.0,0.0,0.0
959052c700165611f89203d89c1f384510e2c5a7,0.0,0.0,0.0
e70bbbf8fcc79201ecdeb72730e6dab985da7314,0.0,0.0,0.0
48644fa6c8604543eb484fe701e34bb46d142383,0.0,0.0,0.0
c4724bd95dbff71ffed1d55e27b6cfb8df925dd8,0.0,0.0,0.0
029a3137dcd642e5e5d51f07b3cbaf9d854f8baf,0.0,0.0,0.0
3ebaaba4ca2279a977d49e0e2e3e32bc460d4bb1,0.0,0.0,0.0
010ecab3ddc4d97e4fb98f702dbb506fa94cfcd1,0.0,0.0,0.0
77a4e70efcc7f8369245d5e3fd8e00cac14e5e5e,0.0,0.0,0.0
2706c9b491ab96967f720c31f6b6fec1ac28aafc,0.0,0.0,0.0
e3d7f69532ee6afd1a8b16c9200002cdad33fc64,0.0,0.0,0.0
a99f8b1635aadf9cc9b7bf3b346d706c0a2d1e40,0.0,0.0,0.0
c096746c18997b4860663fcb97b3a928be546e5a,0.0,0.0,0.0
4ccb893da8a8e49b881233ef2499e34350ff422b,0.0,0.0,0.0
366f7c64f20a0c974b5cea361d58194e36314771,0.0,0.0,0.0
f6a062a31b1184ecb16eab53b9028218ae20c85b,0.0,0.0,0.0
9071ab234fa7567e1585375aa26eacf901b15d03,0.0,0.0,0.0
ec1550a327b9bd743cdccb90254b089788b721d4,0.0,0.0,0.0
f26814860076b690125ee4f54bf57ccb2d5bcdd6,0.0,0.0,0.0
444c186d07038ddfa0fc08793346a9ebd1a4fcef,0.0,0.0,0.0
e3d0ad20dc0e56a0bab8c7f6278cbdf2c86c951c,0.0,0.0,0.0
806986afb447f08f97a05507fa2e8caa287c392c,0.0,0.0,0.0
566eaf0b7bdb83cb4246d9047fb1c27d04e4b552,0.0,0.0,0.0
573166eb974f486d94536f5a319b154e2b6fe949,0.0,0.0,0.0
9792d82d348a32804fe6eb557c9390057d0344e7,0.0,0.0,0.0
1ebbf0d38ec04d3e31291af0d6b7fa0c3409b21a,0.0,0.0,0.0
058f1b5b83bf58e16c8cc5c02cdafab888ca5845,0.0,0.0,0.0
ac49915d3e87c02d419d5ae907dbc4bb528c92ac,0.0,0.0,0.0
77195eade873f6fa9674707fab4144651436cd61,0.0,0.0,0.0
a3044c98dd5281611d8a4d2f688d331f42757229,0.0,0.0,0.0
a765e23d2beb4c8d95032298494c8bd5115374a3,0.0,0.0,0.0
ac4db50af1de33ea269866a0c0a92f0167a19e58,0.0,0.0,0.0
9707e65f85b00aeac84c53b87c4076a59b6c76b4,0.0,0.0,0.0
0c03932864ef8e116d5f5c6085970b0324e72beb,0.0,0.0,0.0
7a97cf16575ccee1db8d31039ce19a8233d94c94,0.0,0.0,0.0
9e960ea215a4d80a9a48af73f0718b69f3bc0356,0.0,0.0,0.0
b004e817ee699900b30a50df60416159c77ff39c,0.0,0.0,0.0
2608ed699042b175e0c0a781107dced6c716f117,0.0,0.0,0.0
e0cfff81ea8b205b4b0369a0731599fb8597bfba,0.0,0.0,0.0
228cc25b00a878335321ee87cc180271133085f5,0.0,0.0,0.0
991cdd59bc2409e57a1c362989c6e22b64a7b835,0.0,0.0,0.0
1e363201dbec4dc8e0f2d7ba84b38621ca487060,0.0,0.0,0.0
9afdb3d133a0b4716e993a04aa88bb0ac1b59677,0.0,0.0,0.0
6e8963fcbcf68a51e5f5d7a1d389ae6bd3561754,0.0,0.0,0.0
6607fbd1f54ca8b5069a9af068d8c3523f1e88fd,0.0,0.0,0.0
d444c99cec64aefc31a97048cddc1740e9cc8a93,0.0,0.0,0.0
5c33f8df9ff2f33a3c7e08afdd28b2d42fa5be66,0.0,0.0,0.0
401615be782390141abe43fab51fe9224a7d6226,0.0,0.0,0.0
045498edab1c4c373cb7eff56cdc4f57ab75e772,0.0,0.0,0.0
12464acd2863fd3abb6af3f0d120e7fec03270e0,0.0,0.0,0.0
aa6e247b1f23782d0360c65668f4d3e80cbf4fc3,0.0,0.0,0.0
58eb12f32104a8d6a41bd27a255e82e8d66b2b44,0.0,0.0,0.0
327397d42814a9ffd89e497794bb63f2dc04d9b1,0.0,0.0,0.0
e85542465d594d7743737d0e786b6e5341966f93,0.0,0.0,0.0
bb9835f4ec0a16435e8baa5cfb5a0651edfa6876,0.0,0.0,0.0
e3f914b4308308132ba674ce80bd3540ab22aadc,0.0,0.0,0.0
1c14b31897595ab63a3209b41c17faa987d98cd0,0.0,0.0,0.0
d944e17c9275df307e4ebe622aa2dbbdd94a7339,0.0,0.0,0.0
378b39115769cea36931ad593f81e32978283d16,0.0,0.0,0.0
9cb62fc2f3e15657bdf10aadac17008d042e0e28,0.0,0.0,0.0
5f19e8f112bcccad0c39238aac81497f7d6974f7,0.0,0.0,0.0
b2d3317658c16213c1d2f63686825ea1bbb7e217,0.0,0.0,0.0
9b1e0cfa3d960cc1be8fb16aedddbd97dad835ec,0.0,0.0,0.0
041c3d2437b83d0f45352c2acf553d57c0e358e9,0.0,0.0,0.0
cc1f7376a8bf9506d44d483da83fbfc4f01c83a8,0.0,0.0,0.0
17a4358c7f2795980e29fc27b71a72a02fb5ef72,0.0,0.0,0.0
3749ec10ad0c2b3cf6549e03209ec574179aa74f,0.0,0.0,0.0
487b19af7c12eeea9c34e9d67fdbe733c42aaf2a,0.0,0.0,0.0
784803bad46f0e1ab50e8b9f1b2cf3af832308ea,0.0,0.0,0.0
611943b94ff2566e038f3e1520e308221a0c2cf3,0.0,0.0,0.0
51e1df5091405f6864c9317a4018b5e62df36164,0.0,0.0,0.0
ceae42ab59fb31b125efe1f82b583e0a83f39a28,0.0,0.0,0.0
7d24672094404ed7ab0c6b444c14e442c85c3597,0.0,0.0,0.0
68aa95533577df2cea3275f78a970163919157ba,0.0,0.0,0.0
e2169792cb80628e7ec60a2090440777e8438b4c,0.0,0.0,0.0
5bea2dd4b55441661e1e88213b1428f94ec3ac36,0.0,0.0,0.0
eb67dd97fb8160a03559a1b666525a22959aeee6,0.0,0.0,0.0
f796512a204e2551ba9b6598f855dd27a76eb3bb,0.0,0.0,0.0
fd1356b2413f53bbed1650132e461b61a891c08d,0.0,0.0,0.0
7e419b49346ceddd430872d80b9ce8b6ecc8a34b,0.0,0.0,0.0
89f06c76eb9232b35a392928ece9648135902553,0.0,0.0,0.0
868caab829e0eb91c3856a926ab6982786cb82a8,0.0,0.0,0.0
2abd4798bf4ce5583adc163a59376ec86ad4911b,0.0,0.0,0.0
fdea59f22edccb9ad1aceb5bb3510a0ab3933cfc,0.0,0.0,0.0
678192bbf70a31c983e5ec28789ed290261288e4,0.0,0.0,0.0
742687a864ad7384b917177f4968e07cc5708afe,0.0,0.0,0.0
426962239d38404656b6f362ff73e8cdd94adbe0,0.0,0.0,0.0
33c9a471d6b0a2fe9ef7d5eaac9f4461913ce19a,0.0,0.0,0.0
d5b057b20f1609673afaa194de9d46853d910888,0.0,0.0,0.0
9ba6d9a46a82e6057ea319a58f4325654792458f,0.0,0.0,0.0
dc10c0aadd2ac7058271b478b5f1be6e327f5169,0.0,0.0,0.0
42a9e7a66e8bfced213b8d03303898f35cdc01b2,0.0,0.0,0.0
87c1b7b5ec2790ee5bde39716e35119837939988,0.0,0.0,0.0
d7f2f1378b3691b3576c8605cb3940ae66953b0b,0.0,0.0,0.0
efe67b7563b9f4e8c027c5ba359ef42b6287a1bf,0.0,0.0,0.0
77019e6b2d1e71babd976051b00de6d27a791314,0.0,0.0,0.0
259beb0e638a5a67fa8f9f8adbc12ae225365ebe,0.0,0.0,0.0
834979bd5a950935a84f82f34fe50c5ce4d7d769,0.0,0.0,0.0
f1037213f1857e8f85fc436e81c5b63498703a27,0.0,0.0,0.0
a2ae988c2735a4d5b390a11b63985975ea669a0c,0.0,0.0,0.0
466ed1f8a0864ae04afd0a02b020bf131ca8e840,0.0,0.0,0.0
0af7b1ea3a107e511353adbaba10c2e55a0bddf2,0.0,0.0,0.0
26fe0bc49b791fa3605f28f1593e0ea8ba447200,0.0,0.0,0.0
ca0b2bae1bb213d93d6a28648d583b87aa83e219,0.0,0.0,0.0
d0548e9c2bed42ceaed3f1995bad096a276eb781,0.0,0.0,0.0
c431abdc26d04c5486a3647e3ce891d154531324,0.0,0.0,0.0
822e75ef2010b92fe9ec0c74723448d884a258f1,0.0,0.0,0.0
1a6ce505183caa3752fcdf58569e82c683f3fdca,0.0,0.0,0.0
84cee2b3323385b02d461bb19484465b094d8580,0.0,0.0,0.0
f44643ad930ef2e0c59f7c1930d8b65e55eb11be,0.0,0.0,0.0
3d97906dd9111667da4a473461911ff28e8b8947,0.0,0.0,0.0
fb67e25bf6033899d8efc2fe9b24fa0c01d011b9,0.0,0.0,0.0
4f1a0e96e64bca4561695a51a4086f9185b72343,0.0,0.0,0.0
7db72bae8c80222a50ffc7de059f83d838a71a17,0.0,0.0,0.0
831585b88c3ab89a29e87073fffabc680704597c,0.0,0.0,0.0
a46adbea1faf34cf3ecbad37886b33fb01fd8c63,0.0,0.0,0.0
dbaa2fdc8ab483b4b88c535a5d5bbb2844e9c903,0.0,0.0,0.0
acfa3ad99af212f43fed66ef96da734af5c519d2,0.0,0.0,0.0
0d9068d3ddff54d05b7825cbc245e262f3fd2bf2,0.0,0.0,0.0
8c9b47fac491a61399e565dcd97c57584fd66381,0.0,0.0,0.0
6de3838ad45c2f7a1fa8f9aa898196b87a7294f7,0.0,0.0,0.0
4a84f52737212d2d330dbda8a098f4b5247a6704,0.0,0.0,0.0
8234ec75fec8551dfd97f14d3f5b88c9c0185c45,0.0,0.0,0.0
f54b866ff895452bc474992a562a0930f0e335e6,0.0,0.0,0.0
865a94098a923723b852015484b281ae630be45f,0.0,0.0,0.0
38278221bddcf9655ad47eecffba76d61c955a96,0.0,0.0,0.0
0e322261a2ea26f96e4f655707e383988bb3ece3,0.0,0.0,0.0
4a193aea34077d304560e42264dac7ec27a6a7d6,0.0,0.0,0.0
24afca9daaabfb85fe387f750331fe6b8f737ea3,0.0,0.0,0.0
99af08dc856c53eb32f588fe19fa296dc77025cd,0.0,0.0,0.0
5cfdb6af0bb550a9cedc57cd580a299b7147235b,0.0,0.0,0.0
dd556e621dffa7c46c318cbe8fd487c72e33818d,0.0,0.0,0.0
d9153c0951455413ae6b07771a47a250812bb1d9,0.0,0.0,0.0
f345a353a0654e4f7e7ab90c76244b0fddc06654,0.0,0.0,0.0
90d46d9c02b016260609faf59090b1679bd3da09,0.0,0.0,0.0
7db2d2defc79cb493888efb82632114b7aa86202,0.0,0.0,0.0
5519e59bbfc18835cb64bdd9417ff539f6984604,0.0,0.0,0.0
79ef319014a7d701482cd7342253b6e7aa709e29,0.0,0.0,0.0
b00e878b8241cf34a6dded5f9d52c97dc1ca79ee,0.0,0.0,0.0
f337c7623e02885a26e70cd2b9b299f869ed18f2,0.0,0.0,0.0
3b59d507a666432fc4c1bcd316a51ebe3b76d420,0.0,0.0,0.0
3138319c5efef4a711e08851d6f00c27eed6b4a3,0.0,0.0,0.0
8b8e484ea119c43e0ee6ae21e13af8e966e69943,0.0,0.0,0.0
c81bfdbc758698fabd6aa5b43f082155dd0b7194,0.0,0.0,0.0
2c5f9a6a822d0360391006800e3ffe63feeed499,0.0,0.0,0.0
c09ec2bd88a962c7dc9c6518f8c3a87fdd34889c,0.0,0.0,0.0
4dc07a3bd0c634b55e71a16173cc32b5b2bc236b,0.0,0.0,0.0
308eb1cc2e47ab6c0bdb0962c7a8baaf001b711b,0.0,0.0,0.0
51faa07d3babd14182777f6b0ecff226ae936621,0.0,0.0,0.0
b39e229fd1e4667364d9ea1b56b829a3984cb7d3,0.0,0.0,0.0
6517210b88670063c87cfdf9bb15e03cc73b8ca0,0.0,0.0,0.0
4a88c1532a4acf2b2acdade8c5e0690340703dde,0.0,0.0,0.0
c378467101b020b22823479ec994b1b81bd3b2fd,0.0,0.0,0.0
c9492c0d2c8025f0b90ecaf8112090d2f0b51072,0.0,0.0,0.0
d5410def92fff0293242deaca20626abec9984df,0.0,0.0,0.0
d7a0e891fb0fe863e245032d301ae10bedf0f392,0.0,0.0,0.0
0660f13c6db5a9666415437addfdf6a9535e0453,0.0,0.0,0.0
25faf8f9baade73d615a7d27f8571e99dd952c33,0.0,0.0,0.0
f46de98139a31b0dcb2cfe2f78c3ae24c1beb616,0.0,0.0,0.0
4698a88b68fd5d8865a9bfb989163e66fb2f4c67,0.0,0.0,0.0
7e83d450a8c8c3a7089e9a7967002b00f155abc0,0.0,0.0,0.0
78a794a308923f5b9c992b29bcc64962fe9a0598,0.0,0.0,0.0
edf34532c00b88cc9320b4b96cf06445c6cb587e,0.0,0.0,0.0
35b99b5cde36b29e028c45e4ea5f3c0e8f909ce4,0.0,0.0,0.0
04a65c838a3a95f716f3c7e7151cafb387fb4af9,0.0,0.0,0.0
dbd8cd0edfea9816c5c720b6e90bc00cd9e8f078,0.0,0.0,0.0
8a807e9fa69bc5dd45ac2fb5e87b4280b60a0074,0.0,0.0,0.0
cb754c8ec1125e1d77eeb9a26135349ab96678b1,0.0,0.0,0.0
f95bcb3ff78ffa5320356476754069fa45cb86bb,0.0,0.0,0.0
f8b91ac7b34f99a77a5b543746cd0e67449f3097,0.0,0.0,0.0
2f85c4ab186475e58f1cbfa66ec99f53b7ef3fae,0.0,0.0,0.0
eb8a2d1a28a812164506880742c847dbcc5bbbbb,0.0,0.0,0.0
826adcda16147bb228630d426dac09ae89620d4a,0.0,0.0,0.0
168338c7e5d7ce27a0908ef154f350dbdd39d8bc,0.0,0.0,0.0
4a91b7a2f02e5738262d67c01774c9200406f2fb,0.0,0.0,0.0
3ecc8e0602ef15515aaea09a027371f19a35bdad,0.0,0.0,0.0
911edd496792cd299b7f06dc69f590745361c694,0.0,0.0,0.0
d07bed6856e2c26022be7a11a34a7b8d448340c2,0.0,0.0,0.0
0fd5ba32f00698a140e080008c2af81b2ae9fa5c,0.0,0.0,0.0
62a58653577e4649fe7123dbdce4010990954987,0.0,0.0,0.0
fc71a853c289c421cc1727185da5155aa0f5b4fa,0.0,0.0,0.0
c8dc3c9252f96c3750bdb2c1d1d326a5ef6f5a49,0.0,0.0,0.0
4fd2f41d4f354ccd4bfcd01902f856b3ad35e132,0.0,0.0,0.0
606e229e46ce0a521c7e208aef7930ed124ba01a,0.0,0.0,0.0
b7b667503ca086218b8e23130d83a9c98f4b4c95,0.0,0.0,0.0
2a00868b39ff4ed1d2ab79962925c7d96cdc6f58,0.0,0.0,0.0
4ef2cfc61578008ea7188e409b222bb4d4fc6836,0.0,0.0,0.0
0ea088fd61a7af5c2008f92e37d557e934ef633e,0.0,0.0,0.0
eea7bc2591df006042694d9c0fe48ecd27f82b62,0.0,0.0,0.0
b2aca7d29cf675f2ae4ab94eb863b58001e2d849,0.0,0.0,0.0
6dd3a1ab7334d62ce118174ebbc9b4dcd11c032f,0.0,0.0,0.0
51798f64bc87362f7b063373d2a096e292c92578,0.0,0.0,0.0
269cd7a32b66c585e9f3a27abaf53f8033427ed0,0.0,0.0,0.0
69dc27918924b83db9f4546164f049a9702c6c54,0.0,0.0,0.0
55c4580cae1c7b88a3293858a1f0c921675b5dac,0.0,0.0,0.0
6276c6e42d834dea19374ea3c135b2d0d27779dd,0.0,0.0,0.0
10176afb12ba391007dfd910ce5c32387368fdc4,0.0,0.0,0.0
caeaf2351c7e15b466360c239592e16ebbfe21d5,0.0,0.0,0.0
073642bcc0d94bf67c0d8058c8288420069793db,0.0,0.0,0.0
a755e7a6b78faf5fb635b1bfbaaafa18a16a8a0a,0.0,0.0,0.0
36c4f8c52b6a7a0358c2ca38aadbc238dc477cc5,0.0,0.0,0.0
a120672c3a5c6f6a3f6e560ae8ccd164384a587b,0.0,0.0,0.0
c44b29d317e31ed73f438fa72c41196c00af2741,0.0,0.0,0.0
b5486db29fe988ec6fe4cd4a6c2eeb90210d045d,0.0,0.0,0.0
563e1d13f137547a6d996cf6ba550c3f18ed634d,0.0,0.0,0.0
4ec3e56a75f55ae544160804bda95f8d2d25562c,0.0,0.0,0.0
12e86d159585a19fc5853227e67ffe4f5aef3c21,0.0,0.0,0.0
c0123002a1404329bae07c57fa864672844cf19e,0.0,0.0,0.0
92c6d827d64efee532000471d73238c8cda86b90,0.0,0.0,0.0
11bd94ede84a8357ae313c6f863168a470a6c2df,0.0,0.0,0.0
6b495321411d118e0f137e4c532ab7b2eb20974d,0.0,0.0,0.0
06814f3eed89cbc6c3e36d695a6326c8edab634c,0.0,0.0,0.0
c2a40cfc03aac1d1c2243cd9f10d51d00b6d0930,0.0,0.0,0.0
6d1069b4de176117dffa657b33c2d6c5ccc6aac4,0.0,0.0,0.0
79fb4fd551bdea806291d678761e174071b94d6a,0.0,0.0,0.0
96caf62d1a804e86c353ae49822e5c461a053185,0.0,0.0,0.0
a48ace703d136054951c3cc48c7db1a0ff886cc3,0.0,0.0,0.0
1576eb6a2f353f18328ff088dafca65873c0484f,0.0,0.0,0.0
ed7848685e2b1323b7a7442ad2373e7f64c16caa,0.0,0.0,0.0
9e38ce01f90c67d277ab1c19b15384e7c6ed42f2,0.0,0.0,0.0
0ecb94080b96ff86e359c7f2179ea16b8df3e4eb,0.0,0.0,0.0
ea2a201d8103b0b00b2c9b591787360c4f8d6329,0.0,0.0,0.0
00f46f6f471fbadbdce4a2e2378e47fc5dbd6f36,0.0,0.0,0.0
a1cfbffa91517cde417dd41b2689b53bda8ba604,0.0,0.0,0.0
dfa78049fc8392409b691ca8dda18f08e7ecf0c2,0.0,0.0,0.0
08b4aa191f63a17a2431eb21dbc947ebf02e6031,0.0,0.0,0.0
6e09c04ee22c85eb627be6b8014d69168648542b,0.0,0.0,0.0
561b538a1ca2c24e8f3233240af53c632b947176,0.0,0.0,0.0
b5bf1bde5e686c4887797e10868056b109c7f358,0.0,0.0,0.0
2636e9fb56deccbea297584947b90c587544d9a6,0.0,0.0,0.0
e867e55b2353e4514eb3d42462bfc55d444fc2da,0.0,0.0,0.0
01853c5f7ae00d65cb91140b2e8fdceed043c825,0.0,0.0,0.0
84fa7f9dee393394a24b2bddab789df5be84dbeb,0.0,0.0,0.0
95ac653ff630a606c93493908bc8b6da1d58c26a,0.0,0.0,0.0
11db0ecdabcb68f142bec11cf6f13f23991b1a39,0.0,0.0,0.0
b241218fb2be73500f131a6c2d3d33b723f176bc,0.0,0.0,0.0
b66b4b5ed54dddac01e6959b9a7cd48c86c74beb,0.0,0.0,0.0
4aa5c54b5e87fb308ad6619614dfce18aebf7acd,0.0,0.0,0.0
1ef71a1e01dce600fa82188b25b560a6c5acf780,0.0,0.0,0.0
a2f11b7b43ac3bca5f1c79991a058fffbd5ec3d4,0.0,0.0,0.0
64e3d061c3e3f3638aa98fd88abf161e710b02a3,0.0,0.0,0.0
f0ab55e97b8456fd4fe60aab721db4284145121e,0.0,0.0,0.0
2b1e3aa273118be92f214cd2c30d6a1ceaf09edf,0.0,0.0,0.0
f97c24a5c9b3c8880f84e30f5ad190125828164b,0.0,0.0,0.0
c4edf4fd274d1957b42137d938ffe966699f56ad,0.0,0.0,0.0
f1479cc25d63dac30ab483f8e440d218623e5bd5,0.0,0.0,0.0
93de0304fdf93a4f8aaf9cc6d133ec967c45dd90,0.0,0.0,0.0
ebba6324fa96bb44c0ceb96b17c67fdf17665e5f,0.0,0.0,0.0
d446a5450684c8a03af36d0c0e4a079fcb11dc48,0.0,0.0,0.0
27de5f832bdc5dff7932befcca9d77d7a3328023,0.0,0.0,0.0
07a54c12d9bbea7ccc165e0b64e78866b4055ff4,0.0,0.0,0.0
4158d3055be9728399d22b312042b4856e0279e4,0.0,0.0,0.0
7a900f535bfe57afcc870cdf18e24975598cb6c7,0.0,0.0,0.0
6547c2ff52d545db32d49e7b803cb48b14ea14b4,0.0,0.0,0.0
1707d97eb2f0c6b8753b3825ea0cde7b4b50663c,0.0,0.0,0.0
68bd385f87ff20bce8828c46259a09dafcaf4400,0.0,0.0,0.0
7fa5eef6518e36adc4231f2510d94fc4e69ed59b,0.0,0.0,0.0
29d27ffbe5be83e0a98cfdf2208b03abcaf01257,0.0,0.0,0.0
9b19e12fbdf5bdb502ec5c8d1c8816a027730c52,0.0,0.0,0.0
23a51515fcd0ca3cc48ede1b565a28daa2421009,0.0,0.0,0.0
313e43d235a23c9be39362d32aa5f40f93ec7150,0.0,0.0,0.0
6a93f347942966622c4903766c382ed713239c41,0.0,0.0,0.0
61bddf05e8a7dc167b212b279b902e4f10d0a561,0.0,0.0,0.0
cec70200329072a2ae5a2ab489bcf807ad0d8605,0.0,0.0,0.0
8ad6c2c871944a1877f6d200a700e944c974f520,0.0,0.0,0.0
c22d4e92000b7b42cfe1eb45d026dbef446a291b,0.0,0.0,0.0
4fd5f87bed7dbc0bc57ea4b990e2671cbbc1d65e,0.0,0.0,0.0
7ede861b41a8e7a40120112a2336803857d103a6,0.0,0.0,0.0
7c2b5fa7fefd29566bacc3fc14de73d35d64da6c,0.0,0.0,0.0
86fe610140c5c957a1b916ef9d91b42376fd0ddd,0.0,0.0,0.0
78180cfc6ecd3a6cca169aa4f7d0e58d4bad9926,0.0,0.0,0.0
4dbbed64328c7b54ccb3b5d8e1c04d3d388702af,0.0,0.0,0.0
c053d9c3fc2d215ceaad338823927dc025831bb7,0.0,0.0,0.0
6fcb435fcf0657b37b394a15077b5e3e149f54af,0.0,0.0,0.0
7adf63bb8c11c21d28711980323c7e654d64134c,0.0,0.0,0.0
57acdfddc8eca61e0ab197cdf164ea8cbad5c28f,0.0,0.0,0.0
bb4ffbf85aad6db6dea2f0ff867e758e38298855,0.0,0.0,0.0
bf940f2ece7e0d0d00f2ebe1c71ee383b6d72974,0.0,0.0,0.0
d5da3ad7e5e8100b0f6e52561c2f7b38d58e9f5e,0.0,0.0,0.0
272c2cae1374216920ef579815b1277c9b59f3f1,0.0,0.0,0.0
502bb6ecc92cd0080685403670678d63488e9e6e,0.0,0.0,0.0
9a04f8aad01064b3403b81d33212a2c8b059f05d,0.0,0.0,0.0
69a29cbfee6f1944fb933d5469795476a601d79d,0.0,0.0,0.0
f074c1d207767af9ccac16ff4d16a930702b6b1a,0.0,0.0,0.0
0fc58dfe6bdd50a54a55c4505ea08128a16eef3e,0.0,0.0,0.0
d0b4275895e57953e7b93392c2724b7b31268b8f,0.0,0.0,0.0
9cb244ee9c5f0949d1fd23070f0378f6f7b69ad4,0.0,0.0,0.0
25bdef2822fc6d96d23ab27a1405cbff8c99868b,0.0,0.0,0.0
5837ea69d9dcc6295bb1d10d91336676b23f795c,0.0,0.0,0.0
66c70b77109c4173e53df98a1d58ed65d9714393,0.0,0.0,0.0
bf0787e3435ccda910cd6ed7d5ccd559871cc056,0.0,0.0,0.0
a1594277b97211f74dca199b035139f4d23d8740,0.0,0.0,0.0
ab3f3609e772889a48f65a2a7809c6bd6b7c097b,0.0,0.0,0.0
a9007d310a8bbffd0d5593880683bdc9be019b57,0.0,0.0,0.0
f20f487a4e5a85f5216276831ccfc125c69caadc,0.0,0.0,0.0
4651a0190ae6a9d12eae3fd181a5dc36358686e9,0.0,0.0,0.0
752f7500c255cac50a2f0c07cb91a4ffbea7f698,0.0,0.0,0.0
9c4a15385054065cb085ef319b319557c221bd0b,0.0,0.0,0.0
f3a3bcbf81878323de2ab74e95908d7fc235f3a8,0.0,0.0,0.0
4723a20a05fd357c13b762b473e23bf3a896c50d,0.0,0.0,0.0
bc0823221c0785e8d475289b582f46bfb7c80442,0.0,0.0,0.0
2a2ab1a61cabe659443ea69335c152ffc8341186,0.0,0.0,0.0
229367355d15bde8d2efa5ca0df8a2ace492508e,0.0,0.0,0.0
edb24ca26d7004713519143d20ca0d18656fa5c6,0.0,0.0,0.0
d1657ebb894734a5ec10b936bed7cc79502eb9cb,0.0,0.0,0.0
d0c1a0539405a634cd24c8bcb8aca682192ffadb,0.0,0.0,0.0
8f293c3ac44ba99f0cd2b94cd236077720dcedc2,0.0,0.0,0.0
7fa5d353bcd18e85b4425a80be10650d426b5b9a,0.0,0.0,0.0
124a5431f7cb59fa04f5f92bb58bc6526f176313,0.0,0.0,0.0
cdb124bd0d445a6529c448a13748df71fcaabbc9,0.0,0.0,0.0
bbe443852e5e5f4679c2b085d85c2a7d46f70586,0.0,0.0,0.0
44577d308c53e1fee5694fe0542fa019727e5233,0.0,0.0,0.0
ed722fc7ed1e9ac3f4a47b9ba02c01afce9e42c7,0.0,0.0,0.0
159d1b21a8e2e0955e654523f047f035f9103346,0.0,0.0,0.0
f3874c2c26ddb1d16182db94bb13b79ae8847a10,0.0,0.0,0.0
5eb57c6ba4d0cc4165dc63c3d1477fa8d798b4d4,0.0,0.0,0.0
37b40897470557f111831f2173b007514a60b846,0.0,0.0,0.0
1661cc8a8677b03547533e6deebaffb3938a200c,0.0,0.0,0.0
0f9e1d527eb9c893ab6807237706259fdd2df7ab,0.0,0.0,0.0
46b152c46c0c52808c8fb18808f5f046c23bf2ae,0.0,0.0,0.0
75dd5b5c2aab969c6a10d7303a26fc9d1011b237,0.0,0.0,0.0
93bb67a220c2327dc627aa403af855e53da52f37,0.0,0.0,0.0
79d0014062514c2493d3ed4ed3a99e551bdcdad6,0.0,0.0,0.0
dfdf0ad53e67816ae834b060ee84ca52f352b0d5,0.0,0.0,0.0
603b52529936cb51b525fc191d832a7b5ad00f5c,0.0,0.0,0.0
2ad98401fb0fca97bbc5752a5ca2cbe804fb7b42,0.0,0.0,0.0
194210311fe0281edc16721337b1963d191fe059,0.0,0.0,0.0
7e3227aa88b36b5f85935fed0d5965a6d45263df,0.0,0.0,0.0
282a9a002679e116d33da4edaac3f7a71bed4612,0.0,0.0,0.0
260785d385da8fd3315a6e3303586886a0b3871b,0.0,0.0,0.0
48fd778f66ea41be24603e573e8b234788a61698,0.0,0.0,0.0
a5017e39193b8bebd5acc2dc07d7385715589b6f,0.0,0.0,0.0
a993ea8027c4901b3ee86681c712ffcdeca7962c,0.0,0.0,0.0
c976abac57993542e01b1147ae1c05a74d50b6e0,0.0,0.0,0.0
5224016d94d0bbc904b3bd136e861f2abb180841,0.0,0.0,0.0
ad37076b6991e2ac54b417ac66753f38f5aac4e6,0.0,0.0,0.0
52db3bf13ecd5cbcb3622384e4143a821e2e6f17,0.0,0.0,0.0
d708c36c57e2177cc9978ea01fe753da21df51a0,0.0,0.0,0.0
64d0ceea38bbeb3b2dae67401a9fcd9ddf7fa7ad,0.0,0.0,0.0
94971a6a297880eacff121c85509d72853c4e6ea,0.0,0.0,0.0
aa2ffb99bce95c9fd170aec4581117bc0a2869f3,0.0,0.0,0.0
2521fa11a61c54af332779776fea94d990ef2711,0.0,0.0,0.0
cbecb9a18359db8bdea43e4a9ddb82710af9e381,0.0,0.0,0.0
6f309961df54b62f079eb41901fa0004e3dcc1f2,0.0,0.0,0.0
b2cc40fbd1d95966c52dadb348b8fec24f278830,0.0,0.0,0.0
adf1a97a6aabfac7647b3ced4fb137c509c631da,0.0,0.0,0.0
8631107cbfd0cb8c80da4cff30ebacd49f5a917b,0.0,0.0,0.0
c420eee4e73c3dcbf05b5b62458db437b1cfd523,0.0,0.0,0.0
ddb007b6fbbc63653de6cdec0f52329cb45b20b5,0.0,0.0,0.0
9a17e4ab39bdb499a92e838a3a7bb84ead63d10e,0.0,0.0,0.0
026ae7f5cddac223d6e364b7c16779b271cb3198,0.0,0.0,0.0
15ddd12f2ccf25bd501032a44839bb940dcee3dc,0.0,0.0,0.0
0dfa8788ee237322431e2e8bbe388a4520ec4995,0.0,0.0,0.0
adad58a89cdc70898f226cb27f5183a1d81b6fc2,0.0,0.0,0.0
abde762d878dc5d390c2941faa1bd41bf4117654,0.0,0.0,0.0
f411aae8b98cf59868722ded8b0f74d30b5c1a86,0.0,0.0,0.0
54d39e38a151cd43af3cd182f2cf7f213340162d,0.0,0.0,0.0
14fba4a9be371db2ae03ef7512adccb4c17dc568,0.0,0.0,0.0
146396c157f95fd6b6c113e5118e97546d69a431,0.0,0.0,0.0
b77442934e98d7c190d2c31faf1e3b2914bdc152,0.0,0.0,0.0
af3e4c6b40ac4119126f5ba7bd69a48ec67ee16e,0.0,0.0,0.0
a17e3bf6d02f5e709131daae81c435e68c21fce6,0.0,0.0,0.0
0110229ea0d23b080cea52091002e52b86745929,0.0,0.0,0.0
77836c66f9c1d89e678f955e0d512b5ddb8405ab,0.0,0.0,0.0
d097aec7006e970dbbc4d03b83bdf6b07c719214,0.0,0.0,0.0
1a30f61c368dfcb2010da94ab84c0c734376f7fd,0.0,0.0,0.0
4b6930b7e8ff637cbd955224deab107ef3883dd2,0.0,0.0,0.0
588b065411952ff6ab3b07f9af701c5f5c9362b4,0.0,0.0,0.0
bf936b5571435bb9e73c1796ccae16c7215cb5ab,0.0,0.0,0.0
1e97a6c1f25481be6f9bfe33aa5e98fee71d82fb,0.0,0.0,0.0
b7cf35f9487a248c4031f0f85c29f506908a7b35,0.0,0.0,0.0
a9b74f5d27ce4d4022dfab64b36fbc8e5c7fb003,0.0,0.0,0.0
36f3ae744c0c4da9aba4628d2d7377fe3097eeb1,0.0,0.0,0.0
a7dce67545611c1abd6936b3d002733be963bc0f,0.0,0.0,0.0
b2c9738c5f11d3a3bbe8dc205e2716ae82467a56,0.0,0.0,0.0
91cb954f31ef02fb09e0f800c4993d075ef2730c,0.0,0.0,0.0
602394f3bbd1c505bc197f020fc81b61edbc6501,0.0,0.0,0.0
d4bfa0985668ccf77e84309ca2215e82231f18f9,0.0,0.0,0.0
66b38d6f23417aea56f0106abbe1670bf59cacdc,0.0,0.0,0.0
b5e1e7c8325a17a881403ef05d45ee7bbab0a593,0.0,0.0,0.0
22d7170282d33bc824f4c1044e2dfebf377484f1,0.0,0.0,0.0
51893b5457b10c46bd0602a088336567d546d3e5,0.0,0.0,0.0
14692642b39b69d0df10062042c5a343efe131b6,0.0,0.0,0.0
33cd8a0f528886cc9740cef78f4360bbcaf218d1,0.0,0.0,0.0
f5570abbbf93b4b0716beee5317fd4df174cb53c,0.0,0.0,0.0
06db812d2aa7a35df81d6ea9e073fee93666f65b,0.0,0.0,0.0
d378ea4a5a101d6a36f25851da49f2a4d2d51eac,0.0,0.0,0.0
128f251d5fe44548700d1d9f5479121fdd8d9656,0.0,0.0,0.0
01de5b7225fc89e56d57ae1e14cd945cb67f5a0e,0.0,0.0,0.0
c8bbef0ae7ff19b7ba594a86063f5a4ded626575,0.0,0.0,0.0
c0657909ac37f797547db93038367800aad56199,0.0,0.0,0.0
8a1007ba8696861de1358e142f48667dd3d8a6fc,0.0,0.0,0.0
6b74719751e7cae696f545a206f13d37e7119d50,0.0,0.0,0.0
97623dc5fa1fb8e53634aae8aa55b580d218b7b0,0.0,0.0,0.0
9e2ae8ddabfb78be440c1087bd52ef7f6bb16d89,0.0,0.0,0.0
ecf6bfc5a5389fbca0b3fc3b9775a8f0612fa565,0.0,0.0,0.0
4ee0fb9d51f811ed6116009e676470d7a404e314,0.0,0.0,0.0
617057ef1d344cd01e1e94276262db0a3f1bb849,0.0,0.0,0.0
e42e40dea561a37957c5e83f2839a6f88f6a049e,0.0,0.0,0.0
dd9a98d27059f494cbdf0ded0c72ef2311ca4005,0.0,0.0,0.0
994850091118416c16b424e3cbfd9d8cd35190b9,0.0,0.0,0.0
13ac04811945643bda100740270d4807ba012411,0.0,0.0,0.0
23a029c9bfa52f5027fefe2d03794ec7eccb504e,0.0,0.0,0.0
9b6cbb2c8471961e6e51157097f68e44bcfe907c,0.0,0.0,0.0
5332f6bd1e41a01bb2f3030728534ba4143c002f,0.0,0.0,0.0
a00861d202699b5d2ef10bec0b59226db564c404,0.0,0.0,0.0
002296711c356eca5bf02af0beaa0723ca2e5577,0.0,0.0,0.0
c869a74f1f281b6b7fe00854ef75c867a1a3e400,0.0,0.0,0.0
9b42c892fa25fe14e2f5116f215e8252b090d918,0.0,0.0,0.0
552c230a1bb307d0f362ecd862e87533f371f5a5,0.0,0.0,0.0
c862111e9d681f07e26b7751b11583c997be2fed,0.0,0.0,0.0
24cc211b1bdff44079c4e12fd31b88edca4d7c8d,0.0,0.0,0.0
8143b3a9449a2933337540aa476209a7b3aabb5e,0.0,0.0,0.0
1157cf32fd8ee75c1939051f1ea77b082284856e,0.0,0.0,0.0
3e248494141422b502eb814e5d1ecc4027f31b24,0.0,0.0,0.0
5fa5b8367f386fcd71d0b80c05f1439b498d6ce8,0.0,0.0,0.0
9eea3c7840f9dfcad0efac6533d1250d97ba5d5b,0.0,0.0,0.0
f01c543c21775b87a31b36d2de189fa9930a20e3,0.0,0.0,0.0
b27e6d27250073d5095bcb30786450b406dcd9ca,0.0,0.0,0.0
83c84712355535cb788f7af4fcdddaae21dba9bc,0.0,0.0,0.0
bd049dcbbe87b8fe0701dbef56f05e734553f26f,0.0,0.0,0.0
24b95e83210d426f16ff683aa48e7c1ca702bb38,0.0,0.0,0.0
97c0eb95b1123bc862da72a6213d4e68132483c4,0.0,0.0,0.0
78189be21c2fbdff63ef12fd76a873ca964e6e66,0.0,0.0,0.0
3cf219d4878107eb362ad66ccc988afec0668f02,0.0,0.0,0.0
15ef3a616405520ff8d4515f1b9f8a52f44d402e,0.0,0.0,0.0
14aa6dc307cfb871cedebf75bf6d7ec6df7a2c00,0.0,0.0,0.0
bd5124087c51d2cc145e6ca449d443e9e3e42330,0.0,0.0,0.0
f8c38f0e36cd664b953b38b00b51e69f7d266e48,0.0,0.0,0.0
e394d19820548450c64e2f8aa3f9694c82ad2bf4,0.0,0.0,0.0
5da648903f970dc4e78ef408ec2860846eff8bc2,0.0,0.0,0.0
7bf32f72f8071ea44299ae885b72db9eec8fddb0,0.0,0.0,0.0
c446ac9b5579da0da92adff3fd5931f0f9da8c65,0.0,0.0,0.0
0ea2fd7b31f21c04b88a53bf07dd65dcd74179be,0.0,0.0,0.0
2c8cedd4e4562315afac3e69eed0f2f55bd3aecf,0.0,0.0,0.0
9fd8275e1e3a25ae7567ddbe55f22cd3235ae576,0.0,0.0,0.0
2e106018e217aa213d5f8166ec031f587bbfb67d,0.0,0.0,0.0
31df66d92353b5c309d29a1505f0e75e6e121ad3,0.0,0.0,0.0
d5457fe1960c120bef3b726001866b501e0c7ebb,0.0,0.0,0.0
3e59883854748b04c763586e7327f7ae95a56a2b,0.0,0.0,0.0
e69f201860b8cfd4ba84040f94ff6e8ee2a9fd92,0.0,0.0,0.0
22cb1bbb6bd89ba0e6274f7e1e10e601ba9bf1a2,0.0,0.0,0.0
9bf00377d891ebd2fccf3bea60b6ee6d6d12e777,0.0,0.0,0.0
c1436ff20ac923cec64816be53bcbf85840b7e6a,0.0,0.0,0.0
083b3de33d061f08cc27bd048b98b33eab817551,0.0,0.0,0.0
c1fd47984538d199b6824e1b2e02fbed20077ef8,0.0,0.0,0.0
6da8f0be824905e6656e3f2e5d76d11ef7f1c02a,0.0,0.0,0.0
862e1df44066f5d3dc546530e4a54b1a1e458807,0.0,0.0,0.0
1a9fbbf7587354273c3fecadf6656ee016ab3fa9,0.0,0.0,0.0
8a38dc373c4e3bb64c560a87ca193333e98a29d1,0.0,0.0,0.0
9d4eb03a3f8a6b548a13e0ba58d43ecccbc5d29a,0.0,0.0,0.0
9d52e04366b6af27b446764cdfb203df6379c906,0.0,0.0,0.0
d79d72de7df8779a00ca557d77dda2ed3f46e03c,0.0,0.0,0.0
6c96b590f6bbc4e64fc66022e0bcdf83c7eb666c,0.0,0.0,0.0
e1352887727bc16c8324ed2f22ca69aa623ea184,0.0,0.0,0.0
41dc85cdde1377a6bfb6720b7264d7f1737032f0,0.0,0.0,0.0
369d06010fbf093910db2b21354754ba7a7c66f0,0.0,0.0,0.0
70947b60d214fe4bb765fb78efe5297debd6d40d,0.0,0.0,0.0
eaecf292ade253c674d5a7f0b368af206396b474,0.0,0.0,0.0
1e60b84111be58421800f7eefdd8e707e3f389fa,0.0,0.0,0.0
0479a2e61f00781e9a8c82e0bae5784f3cd8cf94,0.0,0.0,0.0
bd3709cd9498d7ff7e40ed842a8b1f996cf2f72a,0.0,0.0,0.0
ad2983a009cfa78d739da2546ef4a8d296adcb25,0.0,0.0,0.0
8309fc4c2b15f2e415f83607377ba22360d720cf,0.0,0.0,0.0
c88f0e2266a17b60e225eacd17b2d7916b1f8737,0.0,0.0,0.0
68446db9047e6ec7393802d02cc9f052c00e8a7a,0.0,0.0,0.0
633a80b9b3b4fc54d797fa213d45c9dd6bf5f80c,0.0,0.0,0.0
fb997aebd5bdf6e392435f89c0554e50d8b0fc16,0.0,0.0,0.0
28e34fa3c54b0580553ef7114b79f5d5aa57588c,0.0,0.0,0.0
1fee3a75eaad50e4fd0bd4965127872f39abb15b,0.0,0.0,0.0
c4ccaee8bae86a8ec5b300f83345949967d2c9fe,0.0,0.0,0.0
31d938e169a8078d282117bf218d507bfe20848d,0.0,0.0,0.0
f16c08d173f2c30165acc7bc72a61041a92ac876,0.0,0.0,0.0
b506f9e911093f3019f3d923712c44f66c7db4f0,0.0,0.0,0.0
afa0cdce42224870e86639e99c4cfdf296fd6707,0.0,0.0,0.0
9c6706cfa63fcefb1b1c785f14b3fc843b28ab2e,0.0,0.0,0.0
9fe015d85f9f7b450e911ae9bbe83360ef91cd28,0.0,0.0,0.0
b8f58b2a99ce45fe06f789a10f031863386a6fd3,0.0,0.0,0.0
ec36f68a3e66849b4079cb0d738379546a79be5d,0.0,0.0,0.0
16ce9222a5611b51e28467b0ea70c9127c813689,0.0,0.0,0.0
ec2a121212dde029fce72e72ade664a67f4d87c5,0.0,0.0,0.0
4cfce9e6760286b799124bd726937c6bcf25b187,0.0,0.0,0.0
2f5e3ffe045a77402556ae30fd877db5badd1a60,0.0,0.0,0.0
691aa95bd7a71d357e8bcc4984fc65eb5db7572d,0.0,0.0,0.0
657bc82fcabfb95b2f899a021445a3e9f81a43ca,0.0,0.0,0.0
7b0ebb27dd7da856ca74c9089f239aa4f30f9623,0.0,0.0,0.0
2a7990db1395fd7d953a15632f50e0f27baee6ca,0.0,0.0,0.0
1d03df018eca83e23ee6c22fd28c515abe9d48dc,0.0,0.0,0.0
f828fb61e200245c7a0f103c4b80c07d91c7ee08,0.0,0.0,0.0
2fa5ba7935e48547a754d95b8fef31c9443dedde,0.0,0.0,0.0
f3bfea1a19f3e82b96b15b61a7d79d5314133a72,0.0,0.0,0.0
5cd0965b3a7efe47f6063e87e586724b74cd7e90,0.0,0.0,0.0
eac30fb8842c576b336859a1255298aa83b2dc14,0.0,0.0,0.0
006b4661847b82acfb2b6a3e3677f4ae63f1dd5c,0.0,0.0,0.0
a9f9fec433d18dec56c8b56a38e6e18e93716bfb,0.0,0.0,0.0
1df6426b66436c4e4aefa1cb683e5e0f764941c8,0.0,0.0,0.0
3622afb290e24525a9786ada0fc26cc16c34aae8,0.0,0.0,0.0
150396556099b441604a9ddad9cdd1d010ef5ccf,0.0,0.0,0.0
005c952ba7a612c40986806cc84a87e1573ef4f2,0.0,0.0,0.0
305b48896b7c92421c6320e018fabfec4337da6b,0.0,0.0,0.0
decd6b9aef325595d90aa9907b08844fea1b6e59,0.0,0.0,0.0
f224c618ed9b45a65769653e2f8306150f1ba41f,0.0,0.0,0.0
874ab3dc9bb52fcbc1a6efdbf79312d912900cac,0.0,0.0,0.0
1e8795c6531530e25fd494e7dbaa977a94e8014c,0.0,0.0,0.0
40f4d856b29c1081773130206360315233b86b44,0.0,0.0,0.0
8771a5fa8413a2a8098a8e75a58517fb28836647,0.0,0.0,0.0
6a736796a6397740ba60bce9a0c1de1ee29453bd,0.0,0.0,0.0
8bf2ec97651965cb7ee8bf86e82e5edca80c7382,0.0,0.0,0.0
c548634908af4c034e306fc6951429cab73e46ca,0.0,0.0,0.0
e38e1182cc362e64893af30a59920624d3b6e144,0.0,0.0,0.0
a09e6f8d5d87d6d1a665e04c3615ebba5da7d39e,0.0,0.0,0.0
4738b5f3e1bb76c61c2b5403cae770eb3733faa4,0.0,0.0,0.0
38ded6610ad6e0887ce750736b5a548b4c9286f4,0.0,0.0,0.0
d9268632f85e1cb175b66b39b24a92b3947680ef,0.0,0.0,0.0
328dfe3c6ad5806dd460c92225dded84384a7ff8,0.0,0.0,0.0
878f052dd7639b59625c2e129241d32adadfe277,0.0,0.0,0.0
05f40c6fb9c0c5241ee2fd7a3ed0748d2c9b80e2,0.0,0.0,0.0
7dfe0a0e99aec16ef6c0a7a689586c694337482e,0.0,0.0,0.0
7e5d91ea6669f191dac35e1693d2ae0f59efeaba,0.0,0.0,0.0
f114239c31106eae115d03659e09d644e0216a66,0.0,0.0,0.0
1452a7bbb1fcb424461b1033ed1c0640cff1f77b,0.0,0.0,0.0
f1abfbeacdf6c798a16383370d7059e89ae81fdd,0.0,0.0,0.0
9cc984ed27577c3cfd568dc0f52846f43085447c,0.0,0.0,0.0
3423323c4ea7319b8bc90c433520c789dd345a7f,0.0,0.0,0.0
37ecb8eaeb94f6cb9c9115f9e19e78f71ad7bbb2,0.0,0.0,0.0
e0ce415243a7b3db0dbec4993b9595e00ec42c48,0.0,0.0,0.0
a20dc9688daac4ff2cd370ded4aef000f921870a,0.0,0.0,0.0
09b463f86ce35fd07bb9a694bb40116309ee19ad,0.0,0.0,0.0
ac747ba9be9c17eaa8c5b97cc577dfd26d1946cb,0.0,0.0,0.0
e1b7cc5f55c945284745aea1a38aa329cac500f1,0.0,0.0,0.0
a8a94a6d600043a3d2033f713ef9028abbe12b6b,0.0,0.0,0.0
ff17041e7127305f0686e94962be7cbe580d725b,0.0,0.0,0.0
ba589f228ca6fbd4d8fb6ccd6cdacb687f5efa8d,0.0,0.0,0.0
871e088de54bab11de0bfacafa9d2594c0c29f29,0.0,0.0,0.0
af14a0ea7b95080c690d6c0ddd235b02ae57f64c,0.0,0.0,0.0
f12e6bb5d3fd97edc01c5df4ee13572035ad42ed,0.0,0.0,0.0
40bbff7beecdd324fc47d4b4e1b1b83337f167bc,0.0,0.0,0.0
d76782ae50aa41aad7a6a3e8166d69e199731ef5,0.0,0.0,0.0
442ec6f1c90472036356a7b1b8838eeab44f6c51,0.0,0.0,0.0
207c845a34f9af2322bcb385aadaaf5350565f25,0.0,0.0,0.0
cdf94fc19f6222be467c29f65b915524e445a422,0.0,0.0,0.0
0463a7fdffa088f98761dfa5cbf39dcd05f277c3,0.0,0.0,0.0
3209dd4bf2046755df495d59e0485d54dc3d8701,0.0,0.0,0.0
29ba51113d70e9a948febccdceb609e15fd88fb0,0.0,0.0,0.0
e734a0096eb5f5c75368d9a7714b68ad1c1fd930,0.0,0.0,0.0
2fcf02eae681001ef5fcfe0f8450fa61748b0b7d,0.0,0.0,0.0
02522ec4134273b0355d860be1127a8ee6502a8b,0.0,0.0,0.0
0cc6202f24123c88f94c1450309fde1f5ac1ce62,0.0,0.0,0.0
e31640e5197b2f49beece956624ca784f5e4cd17,0.0,0.0,0.0
562a1011519a4e7f629b105ae28296c7fc19e5bb,0.0,0.0,0.0
0d68ad29d15049050d8f446bb89bc0c790ce651a,0.0,0.0,0.0
199e4ae23d7114206bf9ae7e38b454bddbc7b924,0.0,0.0,0.0
da8d3a26ec2a89d871a54a211441fc5674885677,0.0,0.0,0.0
0d900dfa3a0a36c15c6b794c9a374689e4395a54,0.0,0.0,0.0
a0ae5942af4c7451018650ca5cc494ef43085114,0.0,0.0,0.0
0a4222b73e81da0d176cbb31f63b0b77835d97a7,0.0,0.0,0.0
c13f34a6320ca9f5232927c1c6995b3da5989c19,0.0,0.0,0.0
bde2e7f143f6f67a222cd6444ad60cffb1b04ed8,0.0,0.0,0.0
5c10f515827f8bf6ff8c417aa5fa2fbf660da118,0.0,0.0,0.0
d0efc52a9174103892e8f1855a6ca02c146829c7,0.0,0.0,0.0
c25f4ef20e24a4dc362d827d81c59f31c03a2b30,0.0,0.0,0.0
13e34bbaf0ea2043d3ec31137a2ffbff5768dbe8,0.0,0.0,0.0
2b1b8cb5da39f1a37ebb0807616a731497886ac0,0.0,0.0,0.0
af5c4e7b7638b18665fe593005e6f1efc551343f,0.0,0.0,0.0
b970f2a4f03304c6d03c699f9d8a8e060c117c82,0.0,0.0,0.0
87e750c0fc11c7a8833a8fe503208d0e2877ad1a,0.0,0.0,0.0
e57c3ff49fea787e824479ad2876cfbf5dbbd27e,0.0,0.0,0.0
90301cd8660d64916b9e4b40c3a0b0c6f16e1af2,0.0,0.0,0.0
b4b6535c662471696785d15ae23d04481a13a689,0.0,0.0,0.0
2f75ff230b98fc9c58d5aa099e0da4b4ca5350eb,0.0,0.0,0.0
4c0bbd326589c3bbb8b94e6c3648f9cd409a86d9,0.0,0.0,0.0
17ca7c330e2d1f73332310bec69ce9e6fa664200,0.0,0.0,0.0
fb97dfc071b349843fed2233fc45abcfbb3e57c8,0.0,0.0,0.0
12f0439da7755b0d290277a12dfea4ce68fb5d2e,0.0,0.0,0.0
4963ddc8845bb933c109fa84f8655b72d2c8d18d,0.0,0.0,0.0
ad543b379cae6d601fc0bb63e78d75652522bd11,0.0,0.0,0.0
60ffc34b657f8c0f6e300d37256708fb3222da05,0.0,0.0,0.0
03b170b2f4f3499dd658a91af2af6edc316bf315,0.0,0.0,0.0
1cfd5ff17057bff4538c567cb3601f100b17b553,0.0,0.0,0.0
e3a7d220889d56e74de6264415c13c59fbf40abb,0.0,0.0,0.0
2b6ea56205b46e76fe45de1541c0be556d9f0961,0.0,0.0,0.0
63e916850a045986cc68970e009a3c811ec320e1,0.0,0.0,0.0
8d541fc530d34490a483f9a7c4c5a2e7ee994366,0.0,0.0,0.0
d6c29ee5d3d8e4ec335a5a804e20c2da051043b8,0.0,0.0,0.0
a62ab48c19bf3a0e7dc9d9da726dcc0ff5175f2d,0.0,0.0,0.0
5a40d6558357315a3bf9b6d0fff6b04d9529596b,0.0,0.0,0.0
509484e5366c40da74bb3a32709253b222ff40f0,0.0,0.0,0.0
7f45efd7e924a150c3985e61e987cb648e73a846,0.0,0.0,0.0
156c86f0fd3879bfc498da09a701112321fab565,0.0,0.0,0.0
a59c5652f526b5833282448488fd3aa5a479df39,0.0,0.0,0.0
da1a2103b4e9edf0aea6701a31445af927bb6cb6,0.0,0.0,0.0
6156bc6bb0507a72f1c9136ef2b4dd4f09c33a76,0.0,0.0,0.0
ddd53c4a2046e2367b64656ac29d2b2076aebcd4,0.0,0.0,0.0
6abea5e342ce3be47fd0cff088e7bd1de2663d34,0.0,0.0,0.0
24de4adab02a67cba19495049f8150bff58b42ca,0.0,0.0,0.0
e34b8e34ac3a78f509600f3c54e0b7257f23917c,0.0,0.0,0.0
92abc45420f1c5439d13ca43dcb9a70aea344dc0,0.0,0.0,0.0
916ea81f0c79298164aabab059ea9234e9703cc5,0.0,0.0,0.0
3374b9643ede34a154dc79a604f47ae5a8e9a636,0.0,0.0,0.0
efcea737bf3f9c9b72c994deec6cb8ce34464e67,0.0,0.0,0.0
bc0910bafda92a97026cde8799d501d90034d2ac,0.0,0.0,0.0
217cd451cbfb03c2fcd25ad4dd88b6e9096d80c5,0.0,0.0,0.0
3bad61f893c7a030d142ea8969c66a618a832034,0.0,0.0,0.0
46994bae9102b893e88eec3be3b12538a5d5ac57,0.0,0.0,0.0
fa2d0fa2834645c5376eb02ad0eb37349714bef6,0.0,0.0,0.0
f86f9ddcdabe1b5030275ec76ef6f2a66c32cbf6,0.0,0.0,0.0
156c9c9ce271f23b21c26934a202b05016fcace5,0.0,0.0,0.0
4b1123c8e433bbe891e014407c09fdee743fd66a,0.0,0.0,0.0
3f96d2cfa508912f483b06c994f8bd571583f07b,0.0,0.0,0.0
b058c67f67f3f42693a6d7202c3d2bd612cf9b33,0.0,0.0,0.0
32391cf784e5ee06dc4c6fa6eb25ad45b8e7dcba,0.0,0.0,0.0
3fe6767c98ae4551ff2b1e21ea989b4d3ba79a18,0.0,0.0,0.0
728608d6b6e5abc5bbc29c38e2ea6328d2585850,0.0,0.0,0.0
d443490a7685507acfb8b4b1bda860f2e47c053d,0.0,0.0,0.0
acc9928c6e43f9d18eca2f9c58598b0534862857,0.0,0.0,0.0
a0bb64b024b76c3dff4fe0685f19d96bbfaa5a83,0.0,0.0,0.0
133f7c0bc9e7221bd645a43713805094d3bdb577,0.0,0.0,0.0
40d01e7b2df9e250ef52930e062fe8f62de034a1,0.0,0.0,0.0
ff296d7c0bb53809b22fd635f607efe16575b177,0.0,0.0,0.0
ffb39ab791d9943f8b312ecc471a46ab7530d963,0.0,0.0,0.0
b60439a8bdcc412e40c1c26a90a27b199d63f4a2,0.0,0.0,0.0
8b587ec2a4e08a3729354de4a60b96fd7b356bc6,0.0,0.0,0.0
d818d5a039c591bd750727d52f6aa5e8865a253c,0.0,0.0,0.0
6fa36853e3a15defe42e286eed2cfddf45238465,0.0,0.0,0.0
8f053b8deb300b96eeddbc8022bce64aef7996d0,0.0,0.0,0.0
be7291c3e92bcecf62db82c41658dedc2ebf914e,0.0,0.0,0.0
e2a10619b6af1ec2560add77472412a94c615f81,0.0,0.0,0.0
7b363cdfd0d0a23ebe5949073466184cb55abec0,0.0,0.0,0.0
f98a79e4997303c347a8877c376013f917b8dcd7,0.0,0.0,0.0
84266a886062eb90387df977416436f539831d71,0.0,0.0,0.0
763816f7fc54c0962df6c211ca40d2b9ef7c12e3,0.0,0.0,0.0
4d786076b2b73027e3326e74cc1d9b4485aae6e4,0.0,0.0,0.0
7ba6193e68750924f85b2a99c125b53ae81e2b17,0.0,0.0,0.0
0809146c5e29441c41a9fa590adb88fc65465698,0.0,0.0,0.0
f8dcf157fe39a8a4dca930dbee0ab3955d72e866,0.0,0.0,0.0
634cd64fca0e5207d1d10777863ac921da855cc0,0.0,0.0,0.0
c2dcf2076ad026aa490b6105c939fe80fa9dd5a8,0.0,0.0,0.0
ed46e2e10f64e836bab37050b1377dffdcc15b57,0.0,0.0,0.0
edbd385e3b75ff6cc12ed47295fb47431cc151af,0.0,0.0,0.0
7680f5f3588cea37f2e34b4a663730f2789c0011,0.0,0.0,0.0
b50380bbaf285cce160e06d4fe3791947cfdd6bc,0.0,0.0,0.0
ea650c7748d3737edec7abf28479da3f6712bdda,0.0,0.0,0.0
33654a331456c13f76041ab86e88982c06af2f09,0.0,0.0,0.0
6aaef9714a972e501bc8714f51d929757ad76d2f,0.0,0.0,0.0
0954606dac21b5e147e7bdb6840f2fc9786830df,0.0,0.0,0.0
f7b70ad490689118d1ca05823a398d6eb7b98327,0.0,0.0,0.0
29a85adc3c883574c1d7273f6de04247e31acc7a,0.0,0.0,0.0
16ba5b9a0247c6bdfa82827cae08574fa25c6e45,0.0,0.0,0.0
6d1e4b9d6e4020ae83c207ba4927fae9959a21fd,0.0,0.0,0.0
7bc1dc1d1461d01a10ec4d592d566b1ca389312b,0.0,0.0,0.0
b0538b3c22bde50e8f3779bdc705bb1263f51c3c,0.0,0.0,0.0
5cb09f7d9c8f69fc07e103b2f4658745c78605a3,0.0,0.0,0.0
fe9032086a01162d4e11923009914eb05f2f1560,0.0,0.0,0.0
6c7b14c6f45eb29666ab469c08d4ba96505a399b,0.0,0.0,0.0
3577210effcab6233d2227a6b81871c430ae3a8b,0.0,0.0,0.0
3b7e2523f7129a69abcf9b373a3302b6a7c902e4,0.0,0.0,0.0
bc4a742c24b4c22193054e49e688151c9e97b825,0.0,0.0,0.0
00f062e946ccdb29a71c0c0f410ff6e2add728ad,0.0,0.0,0.0
cb85522d24d52ea7c1ee65ab7a066f5e9be037ba,0.0,0.0,0.0
3cc4ae163dc4811e86dd1114570c28f4b8c0c640,0.0,0.0,0.0
e613cb53f7fd6b837b9136a4f88c4815c5caae76,0.0,0.0,0.0
d821b0f15ef9836d9ee288fdd5fb05a8a8ef9694,0.0,0.0,0.0
61f7985d081fcd7843e99fe2a7ac11485d38bfa6,0.0,0.0,0.0
82b313e4de46f3c37addcb0ac7392ac534718f94,0.0,0.0,0.0
1b5759ebc9cf8795b343dd76af6de1392f784a44,0.0,0.0,0.0
1c1fdad4b1acac9b99f89417cead4ecbf67525ba,0.0,0.0,0.0
0992361770d6c66423053e5ca206bd6777667c72,0.0,0.0,0.0
5f808a87ee0a3be1af578e3e1a20e12cc87d0291,0.0,0.0,0.0
dcad97d6d9317ec803a6fbcf09e2100c571c06ad,0.0,0.0,0.0
37696db44d3df83672715f5653e2cbd732471a60,0.0,0.0,0.0
c4989dabc2e7873deb51704d133ec4aa56586e0c,0.0,0.0,0.0
959e75f53cf95dd3246234be657d13fe9e43bf98,0.0,0.0,0.0
cbff03a779e0f351348b646dd26d5b27fa626521,0.0,0.0,0.0
deef89703043b491638c669a10feeb1300d29b80,0.0,0.0,0.0
be340c51143a4f353851835e1c4fd34961203943,0.0,0.0,0.0
3948b5e7cf3f67f31eb832e824bd566c86f66230,0.0,0.0,0.0
8c26f31ef4932eb378275ac259ebb334dc3bb89c,0.0,0.0,0.0
c2e33a2c513bd5196f33080cb33ec97bce944621,0.0,0.0,0.0
c52be123d18c3fe82c95bf3ebefd457b22032c96,0.0,0.0,0.0
6cb9f656e769b795c4819d40bfe248818ddf91f3,0.0,0.0,0.0
9ea6068a63ac6b261c73c7dd1deb91423ebfa09f,0.0,0.0,0.0
799ad5dac0fd32a242b24dce39b44b17f81d1335,0.0,0.0,0.0
8687677bf8a87087208b1220b026e9e7312dc488,0.0,0.0,0.0
3f6fab952a1ec0715ac780284464e74c5f4dd9ed,0.0,0.0,0.0
d0ed381341ba89f0ee7fb0c0a68e8ac597c16476,0.0,0.0,0.0
38364b1959d90b481b0efac884be5de5fea3670f,0.0,0.0,0.0
3af4c830a1bdc30e284f3ba01ab792d62ff81c38,0.0,0.0,0.0
6d1ce3f57ebf266d7bb1a4df5519ad74fd009b56,0.0,0.0,0.0
5e5c625377bd720dcfcd5f961d5ddc66d5cef3fe,0.0,0.0,0.0
9fe576002cf453f77df8dede2f0ce3cd6367525b,0.0,0.0,0.0
c201fbc5afe666a5291fddf1af55b16ca459cfcf,0.0,0.0,0.0
a1e71adb83e19602bb1534abfc8b83193e5ce27b,0.0,0.0,0.0
0979f52a4542d65054c4bbe15661cc4e2d7f7323,0.0,0.0,0.0
e8e73a477c1d6a43669894c8d3a3490915b15bd1,0.0,0.0,0.0
92b26b6fb14fec9a3aaa956ea0ec48bcc57ba99f,0.0,0.0,0.0
37021ef5b90e09dd96e64858613d63d940ba9a5f,0.0,0.0,0.0
ccabc6c76cf8d1ef9d941250ba897573aba0fc91,0.0,0.0,0.0
86b979b5fbcdfb71584eb06b4e137956ed865900,0.0,0.0,0.0
a5e687f825473406f2b0f1b7afc310003628a994,0.0,0.0,0.0
6596d12c52e1a63adb8ffd904ba69e7037a7a166,0.0,0.0,0.0
1bae3fccd236256a6cdf1755d4a52c865ad2a9f6,0.0,0.0,0.0
78f42c50d2b7e28d604010df650e241a541b4ff6,0.0,0.0,0.0
6320578a20b42433926b05d6d2e7b3c2cd709e92,0.0,0.0,0.0
0f841fe1ee64f76e9cc218e74e8d077e1f836b83,0.0,0.0,0.0
079557329c366472fd970ee021e37abe2e44c7ca,0.0,0.0,0.0
084c96234e3eb6ccc67d74a1826eb3751a9a2d13,0.0,0.0,0.0
c29042ce4f566523ec83bf5e391baad5c7caae8d,0.0,0.0,0.0
36eaea0893481a0db6a7e60adab6f7afd24ec983,0.0,0.0,0.0
bc7cad188ef614f9d4b74c5522d894454e9e032a,0.0,0.0,0.0
7fa9d9c41be4ce981aa8f1460f06206b5c9a88cd,0.0,0.0,0.0
f98e836ec413f73d588db07d7a07d464e26b03d7,0.0,0.0,0.0
b35131f21d427c5eaa1c7e8301dd7061605c5353,0.0,0.0,0.0
cca194af9bec913ed1a2fa2926646a9f0c1dbaf4,0.0,0.0,0.0
57706dc85bcb076e89ea2e93b6eee0e5aded1d1e,0.0,0.0,0.0
3083cde08e2706fabe2116870bac3014edb9bfad,0.0,0.0,0.0
f6089a6adf1add5f9aeacccaddde87860c96ac86,0.0,0.0,0.0
ce84039a4732ff3f79a92dcbd1d13fc7f3811530,0.0,0.0,0.0
89b6849ad7d1c47b66476e7b36f6cf220c614aeb,0.0,0.0,0.0
c19a97fc919f88b6dbd1be4ae348f90532bf93a7,0.0,0.0,0.0
ce7d36ee20a7b26d41b0e8b53140c730535120e1,0.0,0.0,0.0
87f28354b6c32efd160884a5bc87c7174590e0fd,0.0,0.0,0.0
0b92439bf75311907163a1a5b8575650496778e4,0.0,0.0,0.0
f788ef873250be98e299b2ed3c524afb9492d2fe,0.0,0.0,0.0
70dcb14a3dbe45a8cfc72506799ca06a071ec7d0,0.0,0.0,0.0
6ea0eaf7f4ea8cd7a6d3b999c7976e23755cb2da,0.0,0.0,0.0
93b631e867cd76335998cab1a9ea11082fb74547,0.0,0.0,0.0
df924a1cab8e699684b75ef0677757c6799987a8,0.0,0.0,0.0
6ab227924583570f76eb06577bdc2d3877a20587,0.0,0.0,0.0
e09eeb371062560445130499e3ac1947f80d6157,0.0,0.0,0.0
cceb763c518304c17e8ca363b0cfc00cde93ef2a,0.0,0.0,0.0
e572611fca8fe19d9c36c654d5b8c87d9f8f731d,0.0,0.0,0.0
76bae8e5bd8d58de184763a605d8928c8a1c42a7,0.0,0.0,0.0
d4d805ca5954e351964255e503d3a9e748221b8d,0.0,0.0,0.0
1224218a4e4a3a34ecbed90e761fd67a7143292a,0.0,0.0,0.0
7beadcba3286d6a1b7c3225cc45a2566fa0eb2f5,0.0,0.0,0.0
603d1df4c8aca770540da95d22d578dc77215d00,0.0,0.0,0.0
d6de4c9981795180515b62c77f9dbadac4e7541f,0.0,0.0,0.0
5467668575f52dd05be14a8b6ea804db0e668562,0.0,0.0,0.0
aa8adde3ec9b66ce67241e21715c0e805ee3b829,0.0,0.0,0.0
6c2a1ecc6586383e8b552decfba231800d1d0e4d,0.0,0.0,0.0
44c35efac0d1d76fbc044c50a34a235ffd9cbd00,0.0,0.0,0.0
53d139a281e4e673de4953ea1e69b39673307f56,0.0,0.0,0.0
9c5bf283d412f16873e14b3332fc314a5ff52a06,0.0,0.0,0.0
ab84a191fe35de82c4027ca68e990560b31a39c1,0.0,0.0,0.0
63bd0eecd2438ba18ef90ad29e6d988a25607531,0.0,0.0,0.0
5ca116ebb6d1c1c951aab86406c71e8859484e0f,0.0,0.0,0.0
e61992eb7e8dadf303ae75d0132bde48ff965e9c,0.0,0.0,0.0
d43b1a06bac90d3f239f8f8e8db615995e3a454d,0.0,0.0,0.0
efd59304e9e481f5135fe2a78715d55e704ffc96,0.0,0.0,0.0
6111c64f74b5c92cce60c2348ea9f8a732aa1279,0.0,0.0,0.0
05945a6a7c11917d01898236930e5c7dd1ba6697,0.0,0.0,0.0
c8330799a2a8f9e9020f6f81bb12e22893cf3249,0.0,0.0,0.0
fbf2d9378b084f4a4bfe8e0e16eecee48e0a8dfa,0.0,0.0,0.0
98410456ab76a2b4441c77a009f186618ae87e28,0.0,0.0,0.0
cc15fdb3a1fa2955630744f6bdc6941af1fbafd7,0.0,0.0,0.0
d12fc75f72e3dfdff588ee254d7917065b6a5fa8,0.0,0.0,0.0
